epoch,lr_g,lr_d,time_s,train/d_real,train/d_fake,train/d_loss,train/g_adv,train/g_l1,train/g_loss,train/d_acc_real,train/d_acc_fake,val/l1,val/psnr,val/ssim,val/lpips,val/l1/style1,val/psnr/style1,val/ssim/style1,val/lpips/style1,val/l1/style2,val/psnr/style2,val/ssim/style2,val/lpips/style2,val/l1/style3,val/psnr/style3,val/ssim/style3,val/lpips/style3,val/score
0,0.00027890944284821414,0.0001739775174167037,11.796388626098633,0.2911660888265552,0.26367285242304206,0.2774194705998525,2.3503720041896616,0.30005682978246895,53.06085985047476,0.8816110006134424,0.9120125608278613,0.11540623009204865,14.962838172912598,0.43182724714279175,0.49082955718040466,0.09117817878723145,16.13948631286621,0.45792028307914734,0.5062944889068604,0.15256823599338531,12.69720458984375,0.36458665132522583,0.49388980865478516,0.10363060235977173,15.986875534057617,0.47121378779411316,0.47207021713256836,0.47049883008003235
1,0.00027890944284821414,0.0001739775174167037,11.888343572616577,0.2802653383384625,0.22952892555622384,0.25489713316450696,2.6079544119669924,0.25454862309353693,45.62742151532854,0.8828124872275761,0.923196051976577,0.12030912190675735,14.707006454467773,0.41554197669029236,0.4602159261703491,0.09444689750671387,15.871062278747559,0.43337708711624146,0.4873633086681366,0.16345623135566711,12.257696151733398,0.3394659757614136,0.4716135561466217,0.1043262779712677,15.924087524414062,0.47201094031333923,0.4213736653327942,0.4776630401611328
2,0.00027890944284821414,0.0001739775174167037,11.932575225830078,0.31855302350231796,0.257806450615005,0.2881797372496554,2.3614519261089817,0.24963266728445888,44.55010798147747,0.8538743503657835,0.9079639561075185,0.1139688789844513,14.958256721496582,0.44082537293434143,0.43608319759368896,0.08941415697336197,16.118982315063477,0.46445217728614807,0.47932571172714233,0.1566348671913147,12.506654739379883,0.34540730714797974,0.4435601532459259,0.09712594747543335,16.180973052978516,0.5103707313537598,0.3846888244152069,0.502371072769165
3,0.00027890944284821414,0.0001739775174167037,11.870514869689941,0.3408607851787175,0.2833376018513393,0.3120991944202355,2.301914669839399,0.24603329179808497,43.88226558480944,0.8378051996364125,0.8951006614203963,0.11030934751033783,15.14394760131836,0.4475969970226288,0.4141717255115509,0.08929106593132019,16.228181838989258,0.4521850347518921,0.45343780517578125,0.146072119474411,12.87659740447998,0.3715778887271881,0.4227031469345093,0.09663619846105576,16.26382827758789,0.5175071358680725,0.36579421162605286,0.5167126655578613
4,0.00027890944284821414,0.0001739775174167037,11.78217339515686,0.3301301813667773,0.27861917650027734,0.3043746800228421,2.31714271045556,0.2409138409420848,43.032291293144226,0.845805609798325,0.9019679183007351,0.11046250909566879,15.172955513000488,0.43732398748397827,0.4046192765235901,0.08734863996505737,16.3067684173584,0.44974589347839355,0.441590815782547,0.14894776046276093,12.800339698791504,0.3545524477958679,0.41317176818847656,0.09625338762998581,16.345600128173828,0.5058776140213013,0.3585590720176697,0.5163523554801941
5,0.00027890944284821414,0.0001739775174167037,11.69201397895813,0.34731741400277577,0.2832112692994997,0.3152643406896719,2.259705662860402,0.23869916979622627,42.6005682519504,0.8389668243804148,0.8971790622121522,0.10757434368133545,15.23656177520752,0.4558553695678711,0.3709324300289154,0.08602411299943924,16.441354751586914,0.46942728757858276,0.4100654125213623,0.14300602674484253,12.970821380615234,0.37482425570487976,0.3732389807701111,0.0947679877281189,16.232025146484375,0.5215297341346741,0.3287981450557709,0.5424614548683167
6,0.00027890944284821414,0.0001739775174167037,11.845606327056885,0.34637453681274827,0.284676927574245,0.31552573225261377,2.2989641156579768,0.2325773177269314,41.60521566016333,0.8368884272474263,0.891490511729249,0.10547706484794617,15.631063461303711,0.4508611261844635,0.3569391071796417,0.08181025087833405,16.949581146240234,0.46502378582954407,0.3845946490764618,0.14052440226078033,13.157140731811523,0.3609165549278259,0.3736576735973358,0.09520434588193893,16.714914321899414,0.5246787071228027,0.312358558177948,0.5469610095024109
7,0.00027890944284821414,0.0001739775174167037,11.732288360595703,0.34300863257937764,0.29345386373045457,0.3182312475151515,2.2879620004179224,0.2311438583502812,41.351954919951304,0.835066268769359,0.8927546335118157,0.10438693314790726,15.490584373474121,0.4621063768863678,0.32988104224205017,0.07999073714017868,16.97308349609375,0.47767069935798645,0.3503650426864624,0.14328508079051971,12.912652969360352,0.3727707862854004,0.3381090462207794,0.09107918292284012,16.50940704345703,0.5338982939720154,0.30093780159950256,0.5661126375198364
8,0.00027890944284821414,0.0001739775174167037,11.736778259277344,0.3401721743243148,0.2850882328181927,0.31263020404315156,2.3053504023700953,0.2270224949877177,40.67282043184553,0.8361026194345739,0.8924983928113112,0.10306472331285477,15.499032974243164,0.4624057114124298,0.31234338879585266,0.081178218126297,16.77225112915039,0.4758036434650421,0.32363399863243103,0.1386396288871765,13.032587051391602,0.3805611729621887,0.3235122263431549,0.09046050906181335,16.621702194213867,0.5290552377700806,0.2898816168308258,0.5750311613082886
9,0.00027890944284821414,0.0001739775174167037,11.818100452423096,0.3453114122520284,0.2923446053402066,0.3188280094514734,2.3223411991660083,0.2252377841089453,40.38819010768618,0.8331473095209471,0.8834502436885876,0.10276845097541809,15.491719245910645,0.4646364152431488,0.2850837707519531,0.07987403869628906,16.951887130737305,0.4773440659046173,0.29476815462112427,0.13718408346176147,13.118953704833984,0.38566166162490845,0.28899043798446655,0.09232855588197708,16.331995010375977,0.5291736125946045,0.27138370275497437,0.589776337146759
10,0.00027890944284821414,0.0001739775174167037,11.763446807861328,0.35599514244105585,0.2871748096825156,0.32158497609530706,2.334463309097503,0.22469821292907,40.30912320102964,0.8312340427988342,0.8857962697345231,0.1024944856762886,15.575213432312012,0.47028863430023193,0.26700559258461,0.07923203706741333,17.011207580566406,0.4891861081123352,0.2761717736721039,0.1374312788248062,13.161463737487793,0.3906969428062439,0.2684854567050934,0.09191824495792389,16.48033905029297,0.5291245579719543,0.2562144696712494,0.6016415357589722
11,0.00027890944284821414,0.0001739775174167037,11.852623701095581,0.3192653164379798,0.27639832835744266,0.2978318225692159,2.3700573329946826,0.22250845589275872,39.974641578538076,0.8444731541510139,0.8986197010713762,0.10195862501859665,15.582298278808594,0.4756239056587219,0.25143250823020935,0.08067738264799118,16.900634765625,0.48367151618003845,0.2560593783855438,0.1347007155418396,13.24439525604248,0.398680716753006,0.25922515988349915,0.09151705354452133,16.532878875732422,0.5429158210754395,0.23907272517681122,0.6120957136154175
12,0.00027890944284821414,0.0001739775174167037,11.753923177719116,0.3382942314388596,0.28435328820653794,0.3113237593289731,2.376293046666043,0.22128121282107063,39.773469601358684,0.8362165055503803,0.8915360646455416,0.10515042394399643,15.529465675354004,0.45706820487976074,0.25175777077674866,0.08316843956708908,16.822250366210938,0.466551274061203,0.2587108016014099,0.14334966242313385,13.043206214904785,0.37234845757484436,0.25870949029922485,0.09006869047880173,16.651641845703125,0.5305273532867432,0.2378530353307724,0.6026552319526672
13,0.00027890944284821414,0.0001739775174167037,11.769268274307251,0.3347023565482751,0.2866646397285097,0.3106834986912353,2.419608452623444,0.22141211047502501,39.838907088552205,0.8384600352229816,0.8885636684883919,0.10728944092988968,15.165493965148926,0.4636419415473938,0.2544436752796173,0.08446729928255081,16.54026222229004,0.4754362404346466,0.26441216468811035,0.14386659860610962,12.804421424865723,0.3861619234085083,0.2579994797706604,0.09465519338846207,16.08131217956543,0.5276434421539307,0.24079839885234833,0.604599118232727
14,0.00027890944284821414,0.0001739775174167037,11.79586148262024,0.33388507812300566,0.284062334502648,0.3089737065602094,2.3696650761578764,0.22122400739629353,39.757173699992045,0.8433115296065807,0.8949981632509402,0.10373304039239883,15.486687660217285,0.47109830379486084,0.23850375413894653,0.08198436349630356,16.86970329284668,0.4780873954296112,0.24671247601509094,0.14341086149215698,12.773198127746582,0.38565918803215027,0.24400243163108826,0.08696285635232925,16.73987579345703,0.5478044748306274,0.22474515438079834,0.6162972450256348
15,0.00027890944284821414,0.0001739775174167037,11.690404415130615,0.3393686237665991,0.2799686628568452,0.3096686433501808,2.400493420926588,0.21907665291135864,39.425092944077086,0.8393141728426728,0.8915246772313756,0.10498123615980148,15.50302505493164,0.45779380202293396,0.23325017094612122,0.08412028104066849,16.76534652709961,0.4621294140815735,0.2429289072751999,0.14444807171821594,12.850974082946777,0.36901187896728516,0.24165770411491394,0.08751361072063446,16.818897247314453,0.5404832363128662,0.21513991057872772,0.6122718453407288
16,0.00027890944284821414,0.0001739775174167037,11.796486616134644,0.3354897645559894,0.27953101216449533,0.3075103881003867,2.445288653219385,0.21804264543711074,39.29513781411307,0.842833211712007,0.8903174983071429,0.100985087454319,15.678144454956055,0.46740904450416565,0.22322160005569458,0.07975652813911438,17.08783531188965,0.47696033120155334,0.22667181491851807,0.13728593289852142,13.166001319885254,0.38519129157066345,0.226837158203125,0.08699824661016464,16.706600189208984,0.5383438467979431,0.2161589413881302,0.6220937371253967
17,0.00027890944284821414,0.0001739775174167037,11.78649616241455,0.33718219378040104,0.28463160667368875,0.31090690032579005,2.4481502696871758,0.21663191595247813,39.05958203758512,0.83529403592859,0.8887914416513273,0.10126174241304398,15.515371322631836,0.46929773688316345,0.22383074462413788,0.08249174058437347,16.641860961914062,0.47490522265434265,0.2292942851781845,0.13592174649238586,13.107354164123535,0.392193466424942,0.2277154177427292,0.08637987077236176,16.730215072631836,0.5392339825630188,0.21445275843143463,0.622733473777771
18,0.00027890944284821414,0.0001739775174167037,11.938308477401733,0.32342803618147237,0.27070386602177415,0.2970659509134878,2.4556316219802414,0.21973734355664679,39.59188973903656,0.8470298695777144,0.8991492660716176,0.10167308151721954,15.531612396240234,0.4683240056037903,0.23133370280265808,0.08007219433784485,16.943273544311523,0.47737178206443787,0.24309055507183075,0.13858214020729065,12.999213218688965,0.38559597730636597,0.23428699374198914,0.08746883273124695,16.57793426513672,0.5402725338935852,0.21645736694335938,0.6184951066970825
19,0.00027890944284821414,0.0001739775174167037,11.691685199737549,0.34062610426190076,0.28993553975929637,0.31528082160678295,2.4474395530830537,0.21648756101993577,39.03447511366436,0.8333807704704148,0.8856937727624816,0.09983733296394348,15.743420600891113,0.47928714752197266,0.22033168375492096,0.0787196010351181,17.24036979675293,0.4861375093460083,0.2295132875442505,0.13629192113876343,13.144847869873047,0.3941100835800171,0.21872153878211975,0.08558675646781921,16.767770767211914,0.5558775067329407,0.2125566601753235,0.6294777393341064
20,0.00027890944284821414,0.0001739775174167037,11.939248323440552,0.3290131453759386,0.2780481128055336,0.3035306293417567,2.506731128320098,0.21604914896722352,39.01967345816748,0.8446553707388895,0.8934094696970922,0.10313130915164948,15.444018363952637,0.4692533612251282,0.22029507160186768,0.08311320096254349,16.699172973632812,0.4732353389263153,0.22999130189418793,0.1369667947292328,13.108735084533691,0.39878135919570923,0.21570077538490295,0.09033003449440002,16.456398010253906,0.5343385338783264,0.21492351591587067,0.6244791746139526
21,0.00027890944284821414,0.0001739775174167037,11.89790415763855,0.34588888279020985,0.27904595762707424,0.31246742054021787,2.441218656221671,0.21565114314268743,38.886896908283234,0.8345480923806983,0.8918207782719817,0.10113256424665451,15.529735565185547,0.4722285866737366,0.2187492996454239,0.08207836747169495,16.7921142578125,0.4766724109649658,0.22856590151786804,0.13475288450717926,13.22012710571289,0.39849597215652466,0.20993170142173767,0.08756034076213837,16.509572982788086,0.5400424003601074,0.2173987179994583,0.6267396211624146
22,0.00027890944284821414,0.0001739775174167037,11.824108362197876,0.3304976627488421,0.28303845478720696,0.3067680589821456,2.399589542698647,0.21490403680529976,38.71900467361723,0.8389895984437317,0.8900669513802443,0.1031135842204094,15.438909530639648,0.46924126148223877,0.2143603414297104,0.08365052193403244,16.686017990112305,0.46875327825546265,0.22332356870174408,0.14006847143173218,12.883501052856445,0.3919656574726105,0.20916642248630524,0.08668629825115204,16.67546844482422,0.5455559492111206,0.21032387018203735,0.6274404525756836
23,0.00027890944284821414,0.0001739775174167037,11.752041339874268,0.3531839099222062,0.2950904493003951,0.3241371795302257,2.4491699830229794,0.21426427284521715,38.66046321392059,0.8329821745865047,0.882095010285931,0.10315757989883423,15.363797187805176,0.4763687551021576,0.2132798433303833,0.08295941352844238,16.71953010559082,0.4779634475708008,0.22249555587768555,0.1390582025051117,12.90683650970459,0.39700838923454285,0.20933952927589417,0.08851359784603119,16.393091201782227,0.5526068806648254,0.2077561318874359,0.6315444707870483
24,0.00027890944284821414,0.0001739775174167037,11.723227500915527,0.34287278942516813,0.2897792841041727,0.3163260368330936,2.4060056981231486,0.21259955057342136,38.33595595189503,0.8359773466363549,0.8920086864382029,0.10311437398195267,15.318857192993164,0.47137555480003357,0.21071869134902954,0.0823025107383728,16.735811233520508,0.47699007391929626,0.21883627772331238,0.13662908971309662,13.054302215576172,0.39650121331214905,0.20619365572929382,0.09143659472465515,16.09699249267578,0.5391168594360352,0.20688755810260773,0.6303284168243408
25,0.00027890944284821414,0.0001739775174167037,11.750562191009521,0.34046941234763445,0.2874767333269119,0.31397307260028484,2.436341501240219,0.21294691310530262,38.4249969124794,0.8395077736516084,0.8930792055491891,0.09975852072238922,15.642359733581543,0.478265643119812,0.21034398674964905,0.07993530482053757,16.943788528442383,0.48180148005485535,0.22878846526145935,0.13501271605491638,13.142000198364258,0.40058138966560364,0.20458684861660004,0.08536673337221146,16.769561767578125,0.5508815050125122,0.1972000002861023,0.6339608430862427
26,0.00027890944284821414,0.0001739775174167037,11.864323854446411,0.34630993239547286,0.2986463509982319,0.32247814185185625,2.430106400113021,0.21339254640042782,38.494075051375795,0.8335686808984194,0.8826701308467558,0.10293534398078918,15.421364784240723,0.47664156556129456,0.21511425077915192,0.0825330838561058,16.7253360748291,0.4789634943008423,0.22982123494148254,0.13919514417648315,12.92470932006836,0.39780792593955994,0.2090456336736679,0.08814691752195358,16.542343139648438,0.5516221523284912,0.20608390867710114,0.6307636499404907
27,0.00027890944284821414,0.0001739775174167037,11.846209526062012,0.34394166808955823,0.2852830891913202,0.3146123781168301,2.4024122060675706,0.21177627705037594,38.19322659288134,0.8372016076796821,0.8895943284566913,0.10014498978853226,15.665396690368652,0.47454679012298584,0.2104666382074356,0.08139918744564056,16.968975067138672,0.47645142674446106,0.22039219737052917,0.13558700680732727,13.168379783630371,0.3989069163799286,0.20944844186306,0.08447116613388062,16.787128448486328,0.5468188524246216,0.2013528048992157,0.6320400834083557
28,0.00027890944284821414,0.0001739775174167037,11.632667779922485,0.34407879035019767,0.2929981263753559,0.3185384582861194,2.408415090558784,0.21120124489867262,38.10204746041979,0.8372300787429724,0.8880796590154725,0.1012202575802803,15.622629165649414,0.4717896580696106,0.2095770239830017,0.08074256777763367,16.96124839782715,0.4744732677936554,0.22274723649024963,0.13686466217041016,13.0863037109375,0.3972959518432617,0.20617476105690002,0.0871124267578125,16.74722671508789,0.5421435236930847,0.19949637353420258,0.6311063170433044
29,0.00027890944284821414,0.0001739775174167037,11.735894680023193,0.3532792717191374,0.3044306132194054,0.3288549428439832,2.414836003578135,0.2121159966835486,38.26306405237743,0.8297307631666107,0.8834331569128803,0.10178719460964203,15.485283851623535,0.4747195541858673,0.21415364742279053,0.08210717141628265,16.715471267700195,0.47901228070259094,0.22667522728443146,0.13866114616394043,13.0048828125,0.39512670040130615,0.20865625143051147,0.08566028624773026,16.66547966003418,0.5484368801116943,0.20678947865962982,0.6302829384803772
30,0.00027890944284821414,0.0001739775174167037,11.885756969451904,0.33257172316371,0.2840700589419742,0.3083208911786122,2.3965633288025856,0.21125713187003775,38.099640735558104,0.8414722879284194,0.8908983093154218,0.10020291060209274,15.62945556640625,0.47346755862236023,0.21643850207328796,0.08005542308092117,17.03166389465332,0.4740259647369385,0.23221243917942047,0.13700498640537262,13.01882553100586,0.394612580537796,0.21634624898433685,0.08462284505367279,16.76215934753418,0.5502659678459167,0.20045757293701172,0.6285145282745361
31,0.00027890944284821414,0.0001739775174167037,11.920613288879395,0.3451546708695657,0.2863614757121208,0.31575807383550064,2.3943499784384454,0.2109783253898578,38.0503083212035,0.8329821727903826,0.889879038158272,0.1012490913271904,15.588459014892578,0.4722699820995331,0.20860978960990906,0.08062378317117691,17.081037521362305,0.4743080735206604,0.22171878814697266,0.13874143362045288,12.93857479095459,0.3937578499317169,0.205449640750885,0.08547861129045486,16.667604446411133,0.5472242832183838,0.19835405051708221,0.631830096244812
32,0.00027890944284821414,0.0001739775174167037,11.842162132263184,0.3510159329141191,0.2938256570154668,0.32242079568095505,2.439569036742406,0.20996987633407116,37.92509653738567,0.8323159473282951,0.8829149810730347,0.10034597665071487,15.68178939819336,0.4824102222919464,0.20744024217128754,0.07993217557668686,17.020986557006836,0.4839836657047272,0.21900643408298492,0.13486672937870026,13.176727294921875,0.40263640880584717,0.2091960906982422,0.08727551996707916,16.775121688842773,0.559075653553009,0.19393311440944672,0.6374849677085876
33,0.00027890944284821414,0.0001739775174167037,11.863921880722046,0.3285539215181156,0.29869133386195507,0.31362262913691147,2.428199323625969,0.21040650746519013,37.987518770354136,0.8412046598137489,0.883951334415802,0.10290075093507767,15.3152437210083,0.4800265431404114,0.20526351034641266,0.08432234823703766,16.518417358398438,0.4808858335018158,0.21859294176101685,0.13681629300117493,13.015158653259277,0.40865659713745117,0.2018287479877472,0.08855406939983368,16.34605598449707,0.549174427986145,0.19505254924297333,0.6373815536499023
34,0.00027890944284821414,0.0001739775174167037,11.884940147399902,0.3584210670347342,0.2993111234515839,0.32886609538192196,2.448731241614691,0.20912512518199428,37.791493237018585,0.8303856011147478,0.8837007881541338,0.10125323385000229,15.535974502563477,0.47148385643959045,0.20778560638427734,0.08154641091823578,16.87801742553711,0.46745699644088745,0.2237885296344757,0.13721449673175812,13.008342742919922,0.39689871668815613,0.2057122439146042,0.0860491693019867,16.64855194091797,0.548764705657959,0.19351497292518616,0.6318491101264954
35,0.00027890944284821414,0.0001739775174167037,11.782687902450562,0.32922867967655683,0.2890093924361281,0.30911903663737966,2.444684162336801,0.20946187555922993,37.84435791628702,0.8404644084429103,0.891353848124189,0.10162032395601273,15.477875709533691,0.46906760334968567,0.20777902007102966,0.08246473222970963,16.730432510375977,0.46914979815483093,0.2166757583618164,0.13781532645225525,12.964097023010254,0.39051973819732666,0.2090049535036087,0.08562526851892471,16.668033599853516,0.5460495352745056,0.1975116729736328,0.6306442618370056
36,0.00027890944284821414,0.0001739775174167037,11.824569940567017,0.342213759733048,0.29508602315659765,0.31864989164751023,2.4550927273396934,0.20787723285944334,37.586957378046854,0.8314731985197535,0.8847997761996729,0.10032787919044495,15.67095947265625,0.4747765064239502,0.20321182906627655,0.08049798756837845,17.034746170043945,0.47578367590904236,0.2158413529396057,0.1359458863735199,13.078207969665527,0.3996407389640808,0.20104636251926422,0.08558598160743713,16.825273513793945,0.5474684834480286,0.1924685686826706,0.6357823610305786
37,0.00027890944284821414,0.0001739775174167037,11.678430080413818,0.343438755517127,0.2919487944787501,0.3176937742557909,2.441731448817466,0.20798275446785347,37.59142958266394,0.8366151012347213,0.8879942445616636,0.10335995256900787,15.451801300048828,0.4710575342178345,0.20980727672576904,0.08223854750394821,16.943025588989258,0.47637829184532166,0.2191164195537567,0.14115239679813385,12.81382942199707,0.3893795609474182,0.21280063688755035,0.08780048787593842,16.520639419555664,0.5457731485366821,0.19738559424877167,0.6306251287460327
38,0.00027890944284821414,0.0001739775174167037,11.698986053466797,0.3374432446528642,0.28649353466296035,0.31196838883416994,2.4532260496967604,0.20810659266343073,37.62385294267109,0.842121432136212,0.8885750551708043,0.09995676577091217,15.674734115600586,0.4797702431678772,0.20224589109420776,0.07998789846897125,17.066068649291992,0.4830881655216217,0.21365803480148315,0.13550302386283875,13.155455589294434,0.404105007648468,0.2019020915031433,0.08542682230472565,16.72888946533203,0.5506272315979004,0.19095578789710999,0.6387621760368347
39,0.00027890944284821414,0.0001739775174167037,11.857583999633789,0.34734295616466887,0.2975817940771646,0.3224623752092676,2.4687013451808264,0.20720595776635622,37.48711835486548,0.8341210234378066,0.883598289252924,0.10118694603443146,15.5205659866333,0.47957396507263184,0.20173314213752747,0.08321589231491089,16.756900787353516,0.47748926281929016,0.21308447420597076,0.1360207349061966,13.055612564086914,0.40703266859054565,0.2013198286294937,0.08532054722309113,16.67935562133789,0.5528705716133118,0.1905730962753296,0.6389204263687134
40,0.00027890944284821414,0.0001739775174167037,11.76625108718872,0.34866204111001153,0.29904580014824333,0.32385392104541616,2.469348003289529,0.205954011396638,37.276182362011504,0.8342121304678065,0.8796407907669034,0.09985316544771194,15.597723960876465,0.4829515218734741,0.2019394189119339,0.07962757349014282,17.085817337036133,0.4889145493507385,0.21493184566497803,0.13360343873500824,13.170369148254395,0.4161933362483978,0.1946232169866562,0.08734685927629471,16.46311378479004,0.5423746109008789,0.1958800107240677,0.6405060291290283
41,0.00027890944284821414,0.0001739775174167037,11.807898759841919,0.3427379799416355,0.2953422628259951,0.3190401219097631,2.473343481176666,0.20675076517675603,37.41483182566507,0.8361652550021452,0.8804778455357466,0.1001165360212326,15.671626091003418,0.4748276174068451,0.20212924480438232,0.08148356527090073,16.908830642700195,0.47427743673324585,0.21567295491695404,0.1349835991859436,13.189783096313477,0.4016938805580139,0.19876784086227417,0.08489188551902771,16.846094131469727,0.547141969203949,0.19162805378437042,0.6363492012023926
42,0.00027890944284821414,0.0001739775174167037,11.820359945297241,0.35398735473115395,0.3081718224649584,0.3310795889701694,2.4508420085268363,0.20623673212581448,37.30545706408365,0.8323615010428641,0.8749715138359794,0.0986703485250473,15.796027183532715,0.48287829756736755,0.20359759032726288,0.07879935950040817,17.22730827331543,0.4860062301158905,0.21732895076274872,0.13469114899635315,13.156543731689453,0.4075371026992798,0.19855602085590363,0.08357510715723038,16.92742156982422,0.5536112189292908,0.19455364346504211,0.6396403312683105
43,0.00027890944284821414,0.0001739775174167037,11.71320629119873,0.3379153026190969,0.2900661304593086,0.31399071612395346,2.4393880316721543,0.20447263889946043,36.99586623907089,0.84009428295706,0.8882732625518527,0.09966881573200226,15.64969539642334,0.48096615076065063,0.20975105464458466,0.07936765253543854,17.069494247436523,0.48816803097724915,0.22984908521175385,0.13400250673294067,13.194805145263672,0.4076082110404968,0.20398209989070892,0.08666716516017914,16.611675262451172,0.5456022620201111,0.1949339509010315,0.6356075406074524
44,0.00027890944284821414,0.0001739775174167037,11.719240665435791,0.3484475010310624,0.3009089294604824,0.32467821636237204,2.4845298810728957,0.20445367461070418,37.03780310494559,0.8337338141032627,0.8786613820785922,0.10065113753080368,15.653841018676758,0.476568341255188,0.2025778442621231,0.08016547560691833,17.08560562133789,0.4779980480670929,0.21625155210494995,0.13753552734851837,13.020788192749023,0.39866337180137634,0.20028254389762878,0.08533485233783722,16.778432846069336,0.5515467524528503,0.19089818000793457,0.636995255947113
45,0.00027890944284821414,0.0001739775174167037,11.744726181030273,0.3482295379799325,0.2923350799329845,0.320282309016745,2.422842020701085,0.20490933183048451,37.053122469357085,0.8364670518785715,0.8867472049647144,0.09997682273387909,15.663040161132812,0.4753083884716034,0.20032504200935364,0.08044198900461197,17.114601135253906,0.47511279582977295,0.21121162176132202,0.13583455979824066,13.068134307861328,0.4017043113708496,0.19825170934200287,0.08469907194375992,16.730037689208984,0.5477232933044434,0.19126728177070618,0.6374917030334473
46,0.00027890944284821414,0.0001739775174167037,11.769845724105835,0.35485856826302814,0.3078880902945197,0.33137332897500266,2.473629232229931,0.2035266490586634,36.87023238624845,0.8323387245514563,0.8750227632533226,0.10157070308923721,15.533571243286133,0.4742794334888458,0.19980858266353607,0.08234520256519318,16.850704193115234,0.4768146574497223,0.21491342782974243,0.13770459592342377,13.026177406311035,0.3978928327560425,0.1965344101190567,0.08570683002471924,16.651674270629883,0.54664146900177,0.18763111531734467,0.6372354030609131
47,0.00027890944284821414,0.0001739775174167037,11.778137445449829,0.3511297704369229,0.30288106726532404,0.32700541874926004,2.409215618590159,0.20426859270914324,36.931209444999695,0.8312340378761292,0.878433614037931,0.09964495152235031,15.671479225158691,0.4795414209365845,0.20342664420604706,0.07917851954698563,17.080324172973633,0.4819522798061371,0.22031056880950928,0.13693036139011383,12.999434471130371,0.4017314612865448,0.20074298977851868,0.08391562104225159,16.857685089111328,0.5534269213676453,0.18885725736618042,0.6380573511123657
48,0.00027890944284821414,0.0001739775174167037,11.781344652175903,0.3657143355438685,0.30864706720292034,0.33718070146694246,2.4328285671238388,0.20341187253195261,36.81003418139049,0.8279484660098595,0.8753074747510254,0.10028606653213501,15.667896270751953,0.48227283358573914,0.1992460936307907,0.08088038861751556,17.056791305541992,0.48435890674591064,0.2122313678264618,0.1371123492717743,13.061881065368652,0.40758058428764343,0.19903525710105896,0.08392641693353653,16.809640884399414,0.5534301400184631,0.18622271716594696,0.6415133476257324
49,0.00027890944284821414,0.0001739775174167037,11.84670376777649,0.3390607132657481,0.29467771283816546,0.3168692135119012,2.446629204787314,0.2030142187140882,36.75662978206362,0.8451109086828572,0.8882447912224701,0.10323667526245117,15.378108978271484,0.4776324927806854,0.19686728715896606,0.08382825553417206,16.609275817871094,0.47589603066444397,0.20511972904205322,0.1395215392112732,12.89484977722168,0.39924561977386475,0.19725067913532257,0.08741104602813721,16.560121536254883,0.5563095211982727,0.18808302283287048,0.6403825879096985
50,0.00027890944284821414,0.0001739775174167037,11.759452819824219,0.35591783114380504,0.31359676143620163,0.3347572953373726,2.4499395191669464,0.20281542648029113,36.726343853133066,0.8301407469469788,0.8689868632437927,0.10155750811100006,15.509980201721191,0.4753534197807312,0.199431911110878,0.08255534619092941,16.810256958007812,0.4749983251094818,0.20731060206890106,0.13512200117111206,13.130525588989258,0.4050644636154175,0.19885846972465515,0.0879870280623436,16.51972770690918,0.5446778535842896,0.1919671893119812,0.6379607915878296
51,0.00027890944284821414,0.0001739775174167037,11.754357814788818,0.35720585191821946,0.30370708702996907,0.33045646864255623,2.4316596000322273,0.20219794857049628,36.60370828424181,0.8328227343569908,0.877141018132014,0.10406700521707535,15.318011283874512,0.47494107484817505,0.19994287192821503,0.08419923484325409,16.69129753112793,0.4732173681259155,0.21259941160678864,0.1395915150642395,12.87246322631836,0.4038187861442566,0.19671358168125153,0.08945544064044952,16.318214416503906,0.5464777946472168,0.19021587073802948,0.6374990940093994
52,0.00027890944284821414,0.0001739775174167037,11.86210823059082,0.3615938634403782,0.3126502367335239,0.3371220509538294,2.427013380985175,0.20155496512805776,36.49039599725178,0.8344512877187559,0.8720218970307282,0.1009017676115036,15.624094009399414,0.4766167104244232,0.19624067842960358,0.07975182682275772,17.169418334960938,0.48126471042633057,0.2085159420967102,0.13660840690135956,13.032649993896484,0.40206125378608704,0.1936796009540558,0.08741787821054459,16.592159271240234,0.5450297594070435,0.18624655902385712,0.6401880383491516
53,0.00027890944284821414,0.0001739775174167037,11.834469079971313,0.35207784208718557,0.29641123086081017,0.3242445363263999,2.470520937017032,0.20107217971235514,36.452311490263256,0.8365980191821498,0.883387602865696,0.10287831723690033,15.397193908691406,0.47450411319732666,0.19627882540225983,0.08435333520174026,16.675888061523438,0.4698580503463745,0.20719879865646362,0.1373114436864853,13.015238761901855,0.4050173759460449,0.19464325904846191,0.08796939998865128,16.43138313293457,0.5474133491516113,0.18675753474235535,0.639112651348114
54,0.00027890944284821414,0.0001739775174167037,11.897939920425415,0.3573877388885843,0.318318860700986,0.33785330075105385,2.42631335356938,0.20120029084916627,36.42975503206253,0.8281705367511937,0.8693854638508388,0.10152599960565567,15.60511589050293,0.47585493326187134,0.19708864390850067,0.08010467141866684,17.08477783203125,0.4811410903930664,0.2043852061033249,0.14069032669067383,12.896730422973633,0.3948379158973694,0.1992643028497696,0.08492614328861237,16.754819869995117,0.5499573945999146,0.18751981854438782,0.6393831372261047
55,0.00027890944284821414,0.0001739775174167037,11.678994417190552,0.35857703065890484,0.3109607266794358,0.3347688785621098,2.4406447325434004,0.2004606407135725,36.319083528859274,0.836267752439848,0.879714817407408,0.09871097654104233,15.742547988891602,0.4866805672645569,0.19661837816238403,0.07897482067346573,17.14307975769043,0.4869634807109833,0.20617403090000153,0.1332278549671173,13.200952529907227,0.41452300548553467,0.1956970989704132,0.0849539190530777,16.80923080444336,0.5571884512901306,0.1877862960100174,0.6450310945510864
56,0.00027890944284821414,0.0001739775174167037,11.897081136703491,0.3650919136790825,0.31438268181435497,0.33973729693596916,2.409475388271468,0.19972034650189535,36.16280227048056,0.8255398006710623,0.8709798507126314,0.10112237930297852,15.586080551147461,0.47607335448265076,0.1973559707403183,0.08175425976514816,16.896011352539062,0.47621098160743713,0.2066594362258911,0.1385888010263443,12.931255340576172,0.39516738057136536,0.19694764912128448,0.08409642428159714,16.856164932250977,0.5553123354911804,0.18827757239341736,0.6393586993217468
57,0.00027890944284821414,0.0001739775174167037,11.865607023239136,0.3530230937415451,0.3136196998779529,0.33332139692668405,2.4107045190674916,0.20014600964662219,36.23596963712147,0.8322703952768019,0.8709627690591982,0.10215303301811218,15.567416191101074,0.4725576937198639,0.1975984424352646,0.07984904944896698,17.18345069885254,0.47807782888412476,0.20829375088214874,0.1414945274591446,12.821610450744629,0.39171138405799866,0.19744300842285156,0.08627863973379135,16.61488914489746,0.5462542772293091,0.18685375154018402,0.6374796032905579
58,0.00027890944284821414,0.0001739775174167037,11.992710828781128,0.35715583966313197,0.31703463141872945,0.33709523544114617,2.3949314121689116,0.1997523032394903,36.15365905421121,0.8291670318160739,0.871560661255249,0.1024913638830185,15.478734016418457,0.4762118458747864,0.19582776725292206,0.08214195817708969,16.858360290527344,0.4756413996219635,0.20738285779953003,0.14011532068252563,12.867674827575684,0.3958469033241272,0.19483701884746552,0.08631063997745514,16.634876251220703,0.5556414723396301,0.18502666056156158,0.6401920318603516
59,0.00027890944284821414,0.0001739775174167037,11.91386342048645,0.36339030582374626,0.3064308371810642,0.3349105720740876,2.3794572930783033,0.19883416825905442,35.9830174105508,0.8316895781484034,0.8767196477523872,0.10181714594364166,15.564947128295898,0.4763989746570587,0.19652211666107178,0.0804174467921257,17.064414978027344,0.4803982377052307,0.20641817152500153,0.14066962897777557,12.812018394470215,0.3978886604309082,0.19473615288734436,0.08550115674734116,16.73817253112793,0.5493533611297607,0.18819162249565125,0.6399384140968323
60,0.00027890944284821414,0.0001739775174167037,11.777292728424072,0.36669856194306966,0.3135613122722134,0.3401299369454916,2.4125846459397247,0.19826775599670196,35.92041922467096,0.8307044784139309,0.8710880379990807,0.1016116812825203,15.561007499694824,0.47491878271102905,0.19704532623291016,0.08156637847423553,16.93503761291504,0.4762943983078003,0.20595940947532654,0.13909626007080078,12.930862426757812,0.3957577049732208,0.1983797401189804,0.0852578654885292,16.741573333740234,0.5511847138404846,0.18665377795696259,0.6389367580413818
61,0.00027890944284821414,0.0001739775174167037,11.822624683380127,0.3656622548213428,0.3185344089537726,0.3420983325423939,2.3991178843591894,0.19805718033707567,35.871364653110504,0.8256479913834482,0.8720446723912444,0.10599085688591003,15.247079849243164,0.47024986147880554,0.19440807402133942,0.08609514683485031,16.495380401611328,0.47038283944129944,0.20253345370292664,0.14395102858543396,12.689875602722168,0.3917292058467865,0.19475673139095306,0.08901803940534592,16.48418617248535,0.5471534132957458,0.18578723073005676,0.6379209160804749
62,0.00027890944284821414,0.0001739775174167037,11.81553864479065,0.3589867256481999,0.3190473132666999,0.33901701954060365,2.4131396612418547,0.19729751105686383,35.756999977997374,0.8286374676972628,0.8692943534946868,0.10048237442970276,15.55277156829834,0.48159080743789673,0.1940763145685196,0.08048360794782639,16.908023834228516,0.48254624009132385,0.20508508384227753,0.13625413179397583,13.036126136779785,0.407903790473938,0.19189785420894623,0.08576162904500961,16.6411075592041,0.552914023399353,0.18499720096588135,0.6437572240829468
63,0.00027890944284821414,0.0001739775174167037,11.644544839859009,0.36086915924430024,0.3166451395954937,0.33875714937624124,2.3890770035130635,0.19711770110630564,35.70254898922784,0.822573099152318,0.8691861632812236,0.09957019984722137,15.69233226776123,0.4804619252681732,0.19446630775928497,0.0798233151435852,17.06764030456543,0.48457491397857666,0.20779447257518768,0.13670720160007477,13.049988746643066,0.40066277980804443,0.19162382185459137,0.08325335383415222,16.883563995361328,0.5545648336410522,0.18367557227611542,0.6429978013038635
64,0.00027890944284821414,0.0001739775174167037,11.767872333526611,0.36750630346068647,0.31958442355971783,0.3435453626526786,2.362306991791619,0.1963589780498296,35.5475526707513,0.8199480556483779,0.8694594863003918,0.10131131857633591,15.55582332611084,0.47569218277931213,0.19557875394821167,0.08135154843330383,16.929954528808594,0.47573181986808777,0.208758145570755,0.13956263661384583,12.841761589050293,0.39585453271865845,0.1913149356842041,0.08411810547113419,16.81861114501953,0.5539829730987549,0.18633416295051575,0.6400567293167114
65,0.00027890944284821414,0.0001739775174167037,11.751445770263672,0.3529759251749575,0.3194487734331882,0.3362123481929302,2.3583846321063384,0.19679271409820234,35.61693275826318,0.8300154730677605,0.8721414749410802,0.10387911647558212,15.402617454528809,0.47287717461586,0.19825991988182068,0.08199853450059891,16.924633026123047,0.47701573371887207,0.21017593145370483,0.14289799332618713,12.729720115661621,0.39017343521118164,0.1976209431886673,0.08788987994194031,16.474348068237305,0.549803614616394,0.1867460161447525,0.6373085975646973
66,0.00027890944284821414,0.0001739775174167037,11.865780591964722,0.3696169910253957,0.3288048664440534,0.34921092965773176,2.3760502664372325,0.19549890690749244,35.41594131503786,0.8242813705333641,0.8689299213833043,0.10317777097225189,15.364592552185059,0.47274544835090637,0.1988418847322464,0.08167587965726852,16.853076934814453,0.4772918224334717,0.2132388949394226,0.14045551419258118,12.84689712524414,0.39285808801651,0.194292813539505,0.08851098269224167,16.31821632385254,0.5464932918548584,0.18863649666309357,0.6369518041610718
67,0.00027890944284821414,0.0001739775174167037,11.819562196731567,0.3660042469730667,0.3185150076751597,0.34225962708504604,2.3711555187723468,0.1957482895481267,35.453192957809996,0.8234272334458572,0.8723806334393365,0.10140486061573029,15.603056907653809,0.4762780964374542,0.1996539682149887,0.07926756143569946,17.181564331054688,0.48402905464172363,0.2149319350719452,0.14070600271224976,12.848873138427734,0.39012542366981506,0.19613942503929138,0.08540026843547821,16.69698143005371,0.5529081225395203,0.18753592669963837,0.638312041759491
68,0.00027890944284821414,0.0001739775174167037,11.752563953399658,0.36225653321889695,0.3214941798775856,0.3418753568216094,2.379570884896176,0.19464989209414593,35.27597580637251,0.8256878494950277,0.869089359816696,0.10138637572526932,15.55341625213623,0.4730696678161621,0.19546163082122803,0.08122852444648743,16.929765701293945,0.4742647707462311,0.20612576603889465,0.13905291259288788,12.914461135864258,0.3916636109352112,0.19402535259723663,0.08496872335672379,16.740264892578125,0.55172199010849,0.18600548803806305,0.638804018497467
69,0.00027890944284821414,0.0001739775174167037,11.679229974746704,0.36797791331939933,0.32160384717696744,0.3447908802689718,2.4226467151726996,0.19405274246154086,35.218131746564595,0.8255284098642213,0.8670394334143826,0.10232097655534744,15.508426666259766,0.47529545426368713,0.19537042081356049,0.08030914515256882,17.052486419677734,0.47947943210601807,0.20525780320167542,0.14272581040859222,12.700982093811035,0.3938147723674774,0.19689728319644928,0.08510567247867584,16.68970489501953,0.5509757995605469,0.1837984323501587,0.6399624943733215
70,0.00027890944284821414,0.0001739775174167037,11.575547695159912,0.36813564404811977,0.32172725963339743,0.34493145160377026,2.3904137140406028,0.1948999065373625,35.329071836812155,0.8253291125209736,0.8649610366140094,0.10114644467830658,15.59947395324707,0.4737609326839447,0.19635964930057526,0.08077441900968552,16.998327255249023,0.4749343991279602,0.20961840450763702,0.1398036777973175,12.848212242126465,0.3909606635570526,0.1964794099330902,0.08397495746612549,16.87357521057129,0.5538034439086914,0.1827332228422165,0.6387006640434265
71,0.00027890944284821414,0.0001739775174167037,11.768292903900146,0.3676526792779831,0.32165742384469403,0.3446550519937383,2.383517592613186,0.19428200500884227,35.21774856533323,0.8235809800015497,0.867364005651325,0.10501351952552795,15.296257972717285,0.4660854637622833,0.19975616037845612,0.08495991677045822,16.563920974731445,0.4669206142425537,0.2107415795326233,0.1464027464389801,12.503640174865723,0.37584352493286133,0.20209385454654694,0.0848371833562851,16.74460792541504,0.5537737607955933,0.18626990914344788,0.633164644241333
72,0.00027890944284821414,0.0001739775174167037,11.836373567581177,0.368075517401199,0.32677030382910743,0.3474229104218206,2.3504415609474694,0.19387508004105516,35.11590100186212,0.8228919766843319,0.8649211774713227,0.10205747187137604,15.527502059936523,0.47640886902809143,0.19394400715827942,0.08031081408262253,17.083070755004883,0.4834309220314026,0.20472462475299835,0.13973793387413025,12.87459659576416,0.3962300717830658,0.1932341456413269,0.08724493533372879,16.545434951782227,0.5479201078414917,0.1836564540863037,0.641232430934906
73,0.00027890944284821414,0.0001739775174167037,11.79590129852295,0.3652686712032716,0.3259996751647642,0.3456341721716204,2.3663784387920583,0.19332661256859346,35.039145222731996,0.8278744397186009,0.8672501221299171,0.10331696271896362,15.417638778686523,0.47603270411491394,0.19188539683818817,0.08255556225776672,16.80388641357422,0.4785468280315399,0.20227977633476257,0.1429629921913147,12.68291187286377,0.3958037197589874,0.1893102377653122,0.08557207137346268,16.688364028930664,0.5521865487098694,0.18382146954536438,0.6420736312866211
74,0.00027890944284821414,0.0001739775174167037,11.74830174446106,0.3629887695382682,0.32257372071866747,0.3427812434799437,2.365927147545985,0.19280431239998766,34.95042367492403,0.8276580558823687,0.8687534000990647,0.1024981290102005,15.450718879699707,0.4762434959411621,0.19428347051143646,0.08166766911745071,16.862964630126953,0.4765455424785614,0.2058083713054657,0.1417943239212036,12.729503631591797,0.3929440379142761,0.19306005537509918,0.08516685664653778,16.681697845458984,0.5576635003089905,0.18374153971672058,0.6409800052642822
75,0.00027890944284821414,0.0001739775174167037,11.76455307006836,0.38027832924438243,0.3220137777389027,0.3511460524251951,2.363350247698171,0.19208592658729426,34.826437413692474,0.8246514993952587,0.8667433341698987,0.1027882918715477,15.487752914428711,0.47239741683006287,0.2017398327589035,0.08007582277059555,17.074159622192383,0.48157861828804016,0.21747714281082153,0.1436106264591217,12.700398445129395,0.38558393716812134,0.20039895176887512,0.0858771875500679,16.60618019104004,0.5482184290885925,0.1870211809873581,0.6353287696838379
76,0.00027890944284821414,0.0001739775174167037,11.807117700576782,0.36596488007177996,0.3353444496335994,0.35065466444939375,2.3656379588480507,0.19259530385690077,34.91481149196625,0.8235411185638181,0.8627459766409759,0.10067775100469589,15.615317344665527,0.480323851108551,0.19522130489349365,0.08060303330421448,16.989566802978516,0.4793127477169037,0.20940272510051727,0.13777832686901093,12.949939727783203,0.4070681929588318,0.19216550886631012,0.08473067730665207,16.830228805541992,0.5532274842262268,0.18377046287059784,0.6425513029098511
77,0.00027890944284821414,0.0001739775174167037,11.893956422805786,0.37535703443739166,0.3292189222161791,0.3522879781999758,2.3710927784975087,0.19136754333573794,34.71277122838156,0.8240536029583642,0.8619373942326222,0.10443368554115295,15.322379112243652,0.4700084328651428,0.1978268176317215,0.08392299711704254,16.699440002441406,0.4729686975479126,0.20628967881202698,0.1439029574394226,12.617156028747559,0.3916003108024597,0.19769620895385742,0.08660677820444107,16.573514938354492,0.5439209938049316,0.18933242559432983,0.6360908150672913
78,0.00027890944284821414,0.0001739775174167037,11.891450881958008,0.3643691038471713,0.3247963826704238,0.34458274201356937,2.357686293444463,0.191363938851282,34.698755528245655,0.8263768507167697,0.868297864017742,0.10211100429296494,15.503393173217773,0.47298991680145264,0.1977860927581787,0.08121851086616516,16.921302795410156,0.4783426523208618,0.20764446258544922,0.14119133353233337,12.784379005432129,0.38811126351356506,0.1980961263179779,0.0850546732544899,16.726444244384766,0.5508134365081787,0.18743754923343658,0.637601912021637
79,0.00027890944284821414,0.0001739775174167037,11.703345775604248,0.37091464474048863,0.32816138897656594,0.3495380167982408,2.358106047713331,0.1909118730109185,34.62277483088629,0.8225389325858227,0.8655760127252766,0.10086937993764877,15.589912414550781,0.479960173368454,0.1943044662475586,0.07949931174516678,17.102922439575195,0.48578429222106934,0.20542220771312714,0.1403188854455948,12.783757209777832,0.3982390761375427,0.19316060841083527,0.08393751084804535,16.801565170288086,0.5542053580284119,0.18409928679466248,0.6428278684616089
80,0.00027890944284821414,0.0001739775174167037,11.85148549079895,0.35881675120409845,0.33279087072670727,0.3458038110485567,2.3457892341539264,0.19023275741242937,34.49568539006369,0.8318205486450877,0.8658151714397329,0.10249511152505875,15.441469192504883,0.4762657582759857,0.19788163900375366,0.08154964447021484,16.891210556030273,0.48208484053611755,0.21112696826457977,0.13888347148895264,12.878782272338867,0.3972620368003845,0.19849570095539093,0.08813396841287613,16.478708267211914,0.5478500723838806,0.18378396332263947,0.6391920447349548
81,0.00027890944284821414,0.0001739775174167037,11.794022560119629,0.3804251578154175,0.3401832462155393,0.36030420248529743,2.346500010628785,0.18989497260190547,34.439309554440634,0.8146637968186822,0.8544096076594931,0.10114461183547974,15.589330673217773,0.47916677594184875,0.19438336789608002,0.08161575347185135,16.9539852142334,0.4817962646484375,0.20768652856349945,0.1387452781200409,12.885649681091309,0.40084028244018555,0.1934962272644043,0.08415070176124573,16.85158920288086,0.5533364415168762,0.18169967830181122,0.6423916816711426
82,0.00027890944284821414,0.0001739775174167037,11.853944063186646,0.36265252778373125,0.32823714155737044,0.3454448351902621,2.326166740751692,0.19086046580092184,34.582147410937715,0.8268153104665024,0.8681099509288158,0.1017056256532669,15.50450325012207,0.477644145488739,0.19431348145008087,0.0809936672449112,16.869436264038086,0.4841679334640503,0.20816996693611145,0.13990674912929535,12.806523323059082,0.3973926901817322,0.1927928626537323,0.08532804250717163,16.760894775390625,0.5497345328330994,0.18168750405311584,0.6416653394699097
83,0.00027890944284821414,0.0001739775174167037,11.851659536361694,0.3784031034177003,0.33790359678511905,0.3581533489549266,2.358519517550511,0.18982632205422437,34.43972698279789,0.8193558527356279,0.8568467399371522,0.10163500159978867,15.54311752319336,0.4764449894428253,0.19275987148284912,0.08093398064374924,16.942256927490234,0.4801395535469055,0.20783628523349762,0.1411944031715393,12.813838958740234,0.39258283376693726,0.19023627042770386,0.08391363173723221,16.79536247253418,0.5549606680870056,0.17987492680549622,0.6418425440788269
84,0.00027890944284821414,0.0001739775174167037,11.86786961555481,0.36870166607384036,0.3323457046312147,0.3505236851384065,2.3101329430937767,0.18882568732702307,34.22223023005894,0.824976067341465,0.8643232799534287,0.10259054601192474,15.480297088623047,0.475745290517807,0.19355352222919464,0.08212990313768387,16.89293098449707,0.47923141717910767,0.20560722053050995,0.14219516515731812,12.690601348876953,0.39132997393608093,0.19187530875205994,0.08457989245653152,16.778066635131836,0.5550159215927124,0.18291890621185303,0.6410958766937256
85,0.00027890944284821414,0.0001739775174167037,11.688318490982056,0.36647939062095247,0.3381348860400197,0.35230713969628724,2.3195821163909778,0.18908495625614055,34.27549660205841,0.8225503233926637,0.8615672685472029,0.10365312546491623,15.451752662658691,0.46805453300476074,0.19845478236675262,0.0815575048327446,16.985315322875977,0.4777804911136627,0.21339057385921478,0.14499810338020325,12.611469268798828,0.37424299120903015,0.1988549381494522,0.08560074865818024,16.675954818725586,0.5501866340637207,0.18284451961517334,0.6347998380661011
86,0.00027890944284821414,0.0001739775174167037,11.727171421051025,0.365843329620215,0.3321282577401559,0.34898579333509716,2.367622613108584,0.18849797659952724,34.224335704530986,0.8278459667095116,0.8619260045566729,0.10388229042291641,15.277962684631348,0.4731205403804779,0.19441623985767365,0.08400294184684753,16.62904930114746,0.4782392084598541,0.20508429408073425,0.13967975974082947,12.823087692260742,0.3915582299232483,0.19351498782634735,0.08901465684175491,16.309940338134766,0.5479283332824707,0.184431254863739,0.6393521428108215
87,0.00027890944284821414,0.0001739775174167037,11.81563925743103,0.36362589124057976,0.3242166402716456,0.343921265631382,2.311470932194165,0.18849916403580988,34.16838466269629,0.8260124203349862,0.8684459103803549,0.10260961204767227,15.42320442199707,0.4769895672798157,0.193211168050766,0.08086895197629929,16.946123123168945,0.48242852091789246,0.20369602739810944,0.14007920026779175,12.821636199951172,0.39523065090179443,0.19201399385929108,0.08799786120653152,16.424036026000977,0.5516641139984131,0.18370307981967926,0.641889214515686
88,0.00027890944284821414,0.0001739775174167037,11.605528354644775,0.3763386678973412,0.3434453100282034,0.3598919889357473,2.3838537045355355,0.18753520266285964,34.077855186803,0.8206598328958664,0.8543526615415301,0.1009468212723732,15.597789764404297,0.47617897391319275,0.19458463788032532,0.07939837872982025,17.0997257232666,0.48364657163619995,0.2065967619419098,0.140416219830513,12.816323280334473,0.38950544595718384,0.19595247507095337,0.08417713642120361,16.796504974365234,0.5536086559295654,0.18100380897521973,0.6407971978187561
89,0.00027890944284821414,0.0001739775174167037,11.681522846221924,0.37781042367818635,0.3462869191259545,0.3620486729113119,2.3500864042767455,0.1878884158962007,34.103782032217296,0.815204749399397,0.8516137340505209,0.10268506407737732,15.473663330078125,0.47632747888565063,0.19425588846206665,0.08323927223682404,16.80103874206543,0.47651487588882446,0.20709392428398132,0.14086012542247772,12.767698287963867,0.3967141807079315,0.19312693178653717,0.08504298329353333,16.77614974975586,0.5542476773262024,0.18228328227996826,0.641035795211792
90,0.00027890944284821414,0.0001739775174167037,11.776251316070557,0.3596469727734594,0.32539478730593274,0.34252087978113976,2.363839471180524,0.18658857932314277,33.897858798503876,0.8271398818386453,0.8694025450718722,0.10169914364814758,15.536596298217773,0.47521698474884033,0.1930183619260788,0.08126701414585114,16.914928436279297,0.4788397252559662,0.20891495048999786,0.14007090032100677,12.829209327697754,0.38907691836357117,0.18921716511249542,0.08486902713775635,16.788564682006836,0.5560407638549805,0.18055137991905212,0.6410993337631226
91,0.00027890944284821414,0.0001739775174167037,11.964523553848267,0.3640203886648773,0.3260395197264318,0.3450299541000277,2.319071401176708,0.18670271130810892,33.8723794903074,0.8263540756888688,0.869265881832689,0.10438448935747147,15.39437198638916,0.47066158056259155,0.1943615972995758,0.08279217779636383,16.826845169067383,0.47284775972366333,0.20761638879776,0.1458972692489624,12.53099536895752,0.38278529047966003,0.19474594295024872,0.08565468341112137,16.74422264099121,0.5546525716781616,0.18047963082790375,0.6381499767303467
92,0.00027890944284821414,0.0001739775174167037,11.923440217971802,0.3642223552638565,0.32541060861798804,0.34481648202719434,2.324995745239513,0.18687477218918502,33.90738262448992,0.8297990918425577,0.8664700100198388,0.1055818721652031,15.325407028198242,0.46058857440948486,0.19878415763378143,0.08459964394569397,16.675870895385742,0.4650349020957947,0.21040886640548706,0.14836743474006653,12.45501708984375,0.36542779207229614,0.20023800432682037,0.08498171716928482,16.76569366455078,0.5494237542152405,0.1855137050151825,0.6309021711349487
93,0.00027890944284821414,0.0001739775174167037,11.869014978408813,0.37617699236475993,0.3418050723183634,0.3589910335971841,2.3531026071203605,0.18610559673314647,33.80549652235849,0.8210698171917882,0.8568068800294506,0.0999317318201065,15.708130836486816,0.48284661769866943,0.1939566731452942,0.0795411691069603,17.1502742767334,0.48892155289649963,0.2063322812318802,0.13695845007896423,12.98646354675293,0.4017753601074219,0.19178685545921326,0.08437897264957428,16.909090042114258,0.5561985373497009,0.18347643315792084,0.6444449424743652
94,0.00027890944284821414,0.0001739775174167037,11.985475540161133,0.3646231217883594,0.33580033569264095,0.3502117294951209,2.3173927550337146,0.1858609710221312,33.72844432081495,0.82546007912606,0.8603259228569057,0.10114970058202744,15.61669921875,0.47659382224082947,0.19374661147594452,0.08048462867736816,17.04026222229004,0.4821007251739502,0.20551560819149017,0.139400914311409,12.864861488342285,0.3922424018383026,0.19485658407211304,0.08467522263526917,16.86618995666504,0.5537429451942444,0.18066659569740295,0.6414235830307007
95,0.00027890944284821414,0.0001739775174167037,11.970219135284424,0.3658817680219987,0.3355355871192712,0.3507086773336466,2.396640301948147,0.18570701039529272,33.78167204345976,0.8285862196103803,0.85765532178006,0.10276216268539429,15.495651245117188,0.4718787372112274,0.19252784550189972,0.08145290613174438,16.944978713989258,0.4764852225780487,0.20430345833301544,0.14294177293777466,12.70926284790039,0.38652461767196655,0.1936839520931244,0.08505196869373322,16.752790451049805,0.5509290099143982,0.17939573526382446,0.6396754384040833
96,0.00027890944284821414,0.0001739775174167037,11.74925947189331,0.3755751255251068,0.34608359686431606,0.36082936098266927,2.3624342336718525,0.1857837568303304,33.76043635606766,0.8169642702144172,0.8534985269818988,0.10298784077167511,15.477864265441895,0.47210943698883057,0.19183513522148132,0.08181671053171158,16.93173599243164,0.47744348645210266,0.20328690111637115,0.14218555390834808,12.727354049682617,0.38701799511909485,0.19002796709537506,0.0861002579331398,16.695171356201172,0.5501605272293091,0.1819404512643814,0.6401371359825134
97,0.00027890944284821414,0.0001739775174167037,11.822288990020752,0.37786794360934955,0.34079426226838094,0.35933110317481415,2.3873300310224295,0.1850945618269699,33.668856088604244,0.8196177880412766,0.8511126396645393,0.10175789147615433,15.530839920043945,0.4734409749507904,0.19247464835643768,0.08124059438705444,16.90129852294922,0.4801160395145416,0.20559179782867432,0.1404857486486435,12.82624340057373,0.38723665475845337,0.1914164423942566,0.08466517180204391,16.7880916595459,0.551217794418335,0.18014822900295258,0.6404831409454346
98,0.00027890944284821414,0.0001739775174167037,11.688461065292358,0.34879173256922513,0.3271041796210089,0.33794795625310925,2.3740742283740213,0.1846292169565069,33.576955701623646,0.8356926311472697,0.8666408357343504,0.10317304730415344,15.414095878601074,0.4725797176361084,0.1915586143732071,0.08205963671207428,16.82879066467285,0.48097801208496094,0.2008831799030304,0.14208954572677612,12.748659133911133,0.3847378194332123,0.19147290289402008,0.08650260418653488,16.58785057067871,0.5502075552940369,0.1821421980857849,0.6405105590820312
99,0.00027890944284821414,0.0001739775174167037,11.79157543182373,0.36019847782361986,0.32726742814494564,0.3437329530050712,2.342690384015441,0.18345970903257175,33.34792139700481,0.8295770177085485,0.8667433331055301,0.10371723026037216,15.393781661987305,0.4698406755924225,0.1975823938846588,0.08200985938310623,16.858524322509766,0.47778549790382385,0.20946358144283295,0.14487102627754211,12.598809242248535,0.37734535336494446,0.19875885546207428,0.08545688539743423,16.643640518188477,0.5524959564208984,0.18432281911373138,0.6361291408538818
100,0.000276120348419732,0.00017223774224253666,11.724219560623169,0.3818234937955692,0.3495374244438218,0.3656804600530969,2.3953830155410936,0.18368296917261823,33.43834563664028,0.8196405642000693,0.8464490555758987,0.09972188621759415,15.691061973571777,0.481454998254776,0.1983892321586609,0.0783652812242508,17.214494705200195,0.49118614196777344,0.22204940021038055,0.1379915177822113,12.932282447814941,0.394673615694046,0.19198907911777496,0.08393387496471405,16.845617294311523,0.5566843748092651,0.1805621236562729,0.6415328979492188
101,0.00027333125399124983,0.00017049796706836964,11.889563798904419,0.3554786417392149,0.32449687147579553,0.3399877578818372,2.3779056101505245,0.18342370220593043,33.37705144286156,0.8339331141406936,0.8629965211397835,0.10305861383676529,15.42667007446289,0.4744107723236084,0.1913677453994751,0.08244361728429794,16.776283264160156,0.4789057970046997,0.20352338254451752,0.14359024167060852,12.61805534362793,0.38404351472854614,0.19251735508441925,0.08429569751024246,16.807214736938477,0.5584930777549744,0.17785480618476868,0.6415215134620667
102,0.0002705421595627677,0.0001687581918942026,11.72390079498291,0.3679850010334381,0.3352816980332136,0.35163334923397216,2.3674192457859005,0.1833719590545765,33.35782036611012,0.8271114103096936,0.859033329079726,0.10167437046766281,15.444197654724121,0.4812103807926178,0.18891949951648712,0.08172650635242462,16.787782669067383,0.482356458902359,0.1972847282886505,0.13911794126033783,12.813109397888184,0.4005158543586731,0.18947671353816986,0.08526156842708588,16.656713485717773,0.5592146515846252,0.17984968423843384,0.6461454629898071
103,0.0002677530651342856,0.00016701841672003555,11.711888551712036,0.3682705750044469,0.33340906511460033,0.35083982062393,2.3414574345307693,0.18336231497648572,33.33022877573967,0.8257163196269955,0.8611401991386499,0.10417260229587555,15.330111503601074,0.4682292342185974,0.19478459656238556,0.08290369063615799,16.739717483520508,0.47451427578926086,0.20356008410453796,0.1452876478433609,12.534659385681152,0.3767666816711426,0.19898520410060883,0.08550351858139038,16.63661766052246,0.551562488079071,0.18172213435173035,0.6367223262786865
104,0.0002649639707058034,0.00016527864154586853,11.638408899307251,0.36570305883443716,0.3349986560310104,0.350350857047098,2.339045092995678,0.18258409920547689,33.196295619010925,0.8269633592239448,0.8602746754352536,0.10621102899312973,15.191927909851074,0.46646788716316223,0.1904345601797104,0.08561927825212479,16.51761817932129,0.4710703492164612,0.19844472408294678,0.1459236443042755,12.504810333251953,0.37967345118522644,0.19182485342025757,0.08822796493768692,16.477645874023438,0.5469355583190918,0.1809091866016388,0.6380166411399841
105,0.00026217487627732127,0.00016353886637170148,11.750089883804321,0.3762950373181541,0.33059478690847754,0.3534449120384774,2.3299936021545102,0.18271411978639662,33.209217820848735,0.8223738015762397,0.8628029199317098,0.10189279168844223,15.543641090393066,0.4755019545555115,0.18761634826660156,0.08121541142463684,16.954675674438477,0.4819973409175873,0.19317886233329773,0.14141887426376343,12.75992488861084,0.38580942153930664,0.18971292674541473,0.08418004959821701,16.83717918395996,0.5568842887878418,0.17989186942577362,0.6439428329467773
106,0.00025938578184883914,0.00016179909119753443,11.797435760498047,0.37143989227479324,0.34610786767942564,0.3587738804718746,2.3651047750775303,0.18232159988422478,33.17799219914845,0.8239511043897697,0.8514372105044978,0.10114715248346329,15.614094734191895,0.47441527247428894,0.19290369749069214,0.08007565885782242,17.08380889892578,0.4792741537094116,0.20584562420845032,0.14021800458431244,12.840250015258789,0.389339417219162,0.19477088749408722,0.0842825323343277,16.838159561157227,0.5529356002807617,0.17788560688495636,0.6407557725906372
107,0.000256596687420357,0.00016005931602336743,11.787853717803955,0.35915559510301265,0.3276630070592676,0.3434093001498176,2.3343527245202234,0.18139407321411585,32.9904853446143,0.8306760044236269,0.8606903562322259,0.10275479406118393,15.393643379211426,0.4765402376651764,0.19032834470272064,0.08219434320926666,16.782472610473633,0.48060810565948486,0.2002468705177307,0.1408042460680008,12.759967803955078,0.3953413963317871,0.18968234956264496,0.08637163788080215,16.562597274780273,0.552062451839447,0.18085651099681854,0.6431059241294861
108,0.0002538075929918749,0.00015831954084920039,11.75635576248169,0.36067573646349566,0.3413929641745718,0.35103435065996436,2.3411241210997105,0.1817658328052078,33.06008506672723,0.8304254589602351,0.8652514415194413,0.10341845452785492,15.391437530517578,0.47360920906066895,0.18935593962669373,0.08359731733798981,16.695293426513672,0.4776235520839691,0.19879840314388275,0.14225274324417114,12.730019569396973,0.3905746638774872,0.18829232454299927,0.08551202714443207,16.674184799194336,0.5509869456291199,0.1807788461446762,0.6421266198158264
109,0.0002510184985633927,0.00015657976567503334,11.679935932159424,0.35607934580600287,0.33128938285933274,0.3436843632786934,2.3349234738520215,0.1812894146423787,32.973368423325674,0.8345879481972328,0.8609864548114794,0.10375688970088959,15.30589771270752,0.4744803011417389,0.19095005095005035,0.08255142718553543,16.74921417236328,0.47877201437950134,0.20267318189144135,0.14228485524654388,12.665736198425293,0.3878760039806366,0.19040313363075256,0.08756140619516373,16.425701141357422,0.555077850818634,0.17954227328300476,0.6417651176452637
110,0.0002482294041349106,0.00015483999050086632,11.829265832901001,0.3480789912531951,0.3175339167438714,0.33280645397358705,2.3408678828605582,0.18207829372425163,33.112635714667185,0.8371389702494655,0.8719023166756544,0.10324212163686752,15.452123641967773,0.46876275539398193,0.19571390748023987,0.08287658542394638,16.79060935974121,0.4751569628715515,0.2080579400062561,0.14385730028152466,12.65665054321289,0.3775528371334076,0.1965312957763672,0.08414306491613388,16.831106185913086,0.5517371296882629,0.1823350489139557,0.6365244388580322
111,0.00024544030970642845,0.00015310021532669927,11.927002668380737,0.3692068346821803,0.32961105895394993,0.3494089476631156,2.3228587537471737,0.18123514055540518,32.95213124155998,0.829998389418636,0.8589137529156038,0.10229475051164627,15.494842529296875,0.4754246175289154,0.1875987946987152,0.08140936493873596,16.93992805480957,0.48420125246047974,0.19635377824306488,0.1403678059577942,12.786368370056152,0.389228492975235,0.1869106888771057,0.08621951937675476,16.679859161376953,0.5510523319244385,0.1793537139892578,0.6439129114151001
112,0.0002426512152779463,0.00015136044015253222,11.666380167007446,0.36000792184911135,0.32435655801756574,0.3421822401495384,2.3309176274176155,0.18049547688237258,32.83518472739628,0.8291898073096361,0.8647047939843365,0.10195795446634293,15.505398750305176,0.4778413474559784,0.19116614758968353,0.08092598617076874,16.95220184326172,0.4822123050689697,0.2030022293329239,0.1397383213043213,12.82565975189209,0.39552995562553406,0.19029012322425842,0.08631923049688339,16.66047477722168,0.5541462302207947,0.17996621131896973,0.643337607383728
113,0.00023986212084946415,0.0001496206649783652,11.830202579498291,0.36362117547209244,0.3375157315001291,0.35056845251736896,2.3293818309903145,0.18066719540261797,32.86266997882298,0.8273790378921798,0.8600127388324056,0.10330603271722794,15.39033317565918,0.47561001777648926,0.1903214007616043,0.08219070732593536,16.832725524902344,0.4814576506614685,0.19796839356422424,0.14246171712875366,12.691373825073242,0.38939398527145386,0.19243218004703522,0.08640286326408386,16.56876564025879,0.554241418838501,0.1804591715335846,0.6426442861557007
114,0.00023707302642098202,0.00014788088980419815,11.729095220565796,0.36317595144334647,0.3347661367650809,0.3489710434805602,2.3304028855636716,0.17979358998127282,32.71604896443231,0.8251753676948803,0.8602860631155116,0.10315123945474625,15.415094375610352,0.47249117493629456,0.18914583325386047,0.08184696733951569,16.871109008789062,0.478677362203598,0.19700729846954346,0.1432693898677826,12.629375457763672,0.38448211550712585,0.1910073161125183,0.08549626916646957,16.664764404296875,0.5525367259979248,0.1793096512556076,0.641672670841217
115,0.00023428393199249986,0.0001461411146300311,11.885360717773438,0.3462358882076972,0.3225941412549998,0.3344150146669043,2.3364684150687287,0.17964286180878325,32.69664100238255,0.8364271871479494,0.8680302325103965,0.10294867306947708,15.427062034606934,0.4703499674797058,0.1913306564092636,0.0825139656662941,16.837547302246094,0.4750848710536957,0.1990196406841278,0.14211849868297577,12.697489738464355,0.3814769983291626,0.1958487629890442,0.08533819764852524,16.66802978515625,0.5527218580245972,0.17906373739242554,0.6395096778869629
116,0.0002314948375640177,0.00014440133945586408,11.923184394836426,0.35814000443289323,0.32940236640362336,0.34377118539331214,2.3400582764297724,0.1795860691594758,32.69063282864435,0.8353965313040784,0.8616982344537973,0.10212555527687073,15.541236877441406,0.4747328758239746,0.19186103343963623,0.07996620982885361,17.093547821044922,0.4796617031097412,0.20234940946102142,0.14335733652114868,12.637569427490234,0.3892960548400879,0.19292417168617249,0.08424918353557587,16.80851936340332,0.5535356998443604,0.1801317185163498,0.6414359211921692
117,0.0002287057431355356,0.00014266156428169706,11.881772994995117,0.3462332873023115,0.3219179404882847,0.3340756128475602,2.356760769018105,0.1791020869942648,32.62554094621113,0.8371674401153412,0.8675746937681522,0.10350115597248077,15.373444557189941,0.47411519289016724,0.19026106595993042,0.08209541440010071,16.877500534057617,0.48063188791275024,0.19908155500888824,0.14359858632087708,12.612004280090332,0.38882362842559814,0.19107836484909058,0.08596988767385483,16.550350189208984,0.5511578321456909,0.18047228455543518,0.6419270634651184
118,0.00022591664870705346,0.00014092178910753,11.785337686538696,0.3646320301008278,0.32971766147030784,0.3471748446380453,2.30711627405669,0.17945354791092022,32.63529427136694,0.8266615637112409,0.8610092313694102,0.1017300933599472,15.546859741210938,0.4782467782497406,0.19201873242855072,0.08018598705530167,17.09443473815918,0.48525580763816833,0.201858788728714,0.1412842869758606,12.71943473815918,0.39055073261260986,0.19289861619472504,0.08487284928560257,16.74416732788086,0.5571469068527222,0.18112976849079132,0.6431140303611755
119,0.00022312755427857133,0.00013918201393336296,11.929457664489746,0.35827879003565094,0.32813835474995096,0.3432085722285722,2.3688209040888717,0.17827740125358105,32.49822682993753,0.8357666555259909,0.861162977692272,0.10280567407608032,15.493760108947754,0.4736783504486084,0.1883990615606308,0.08095955103635788,16.99405860900879,0.4812432825565338,0.19716961681842804,0.1440868079662323,12.620769500732422,0.38333895802497864,0.191087007522583,0.08456172049045563,16.783933639526367,0.5546055436134338,0.17682579159736633,0.6426396369934082
120,0.00022033845985008918,0.00013744223875919594,11.92231035232544,0.35804735952738803,0.3282676127024128,0.3431574869235711,2.3288535308092833,0.17903352455635155,32.58604645729065,0.8331871652044356,0.8675348336109892,0.10110394656658173,15.547335624694824,0.4780373275279999,0.1874231994152069,0.08057396858930588,16.987152099609375,0.48424211144447327,0.1969592422246933,0.13948045670986176,12.837646484375,0.3923908770084381,0.18897829949855804,0.08436882495880127,16.73891830444336,0.5557461380958557,0.17618145048618317,0.6453070640563965
121,0.00021754936542160702,0.0001357024635850289,11.911752462387085,0.3566443050513044,0.3213337734840544,0.3389890388186489,2.3546243826193467,0.17766195133195392,32.38001737424305,0.8339217221364379,0.8671191536954471,0.10287835448980331,15.443329811096191,0.4745596647262573,0.1891939342021942,0.0811694785952568,16.924118041992188,0.48083120584487915,0.19800929725170135,0.14409711956977844,12.618703842163086,0.3825199007987976,0.19005826115608215,0.08455578982830048,16.7059326171875,0.5584729313850403,0.17936420440673828,0.6426828503608704
122,0.0002147602709931249,0.00013396268841086187,12.02079963684082,0.3463262542042815,0.32105111074633896,0.33368868234434296,2.3342842949288234,0.1779267566744238,32.40443012544087,0.8395874931343964,0.8685996565701706,0.10258865356445312,15.50659465789795,0.4721652865409851,0.18963773548603058,0.08201346546411514,16.920408248901367,0.47901153564453125,0.19679175317287445,0.14267204701900482,12.699275970458984,0.3809356689453125,0.1927301287651062,0.08422492444515228,16.820453643798828,0.55469810962677,0.17931467294692993,0.6412637829780579
123,0.00021197117656464274,0.00013222291323669483,12.00920844078064,0.3470825299944928,0.32318720776986865,0.33513486854332897,2.3044824363397702,0.17766064182589097,32.32965418270656,0.8364385765578065,0.8663276519094195,0.10366465896368027,15.387967109680176,0.4709203839302063,0.18953284621238708,0.0829090103507042,16.804052352905273,0.47654959559440613,0.19870707392692566,0.14360865950584412,12.620545387268066,0.3802343010902405,0.1890106350183487,0.08562163263559341,16.66037368774414,0.5541600584983826,0.18069785833358765,0.6406937837600708
124,0.0002091820821361606,0.00013048313806252778,11.950570583343506,0.35820055288162883,0.33198426080135895,0.3450924061637904,2.3007291270686046,0.17787811955037927,32.36265514578138,0.8311714029737881,0.8606618815766913,0.10270331054925919,15.453413963317871,0.4744302034378052,0.1900782734155655,0.0830046758055687,16.80100440979004,0.47756361961364746,0.20013348758220673,0.13988885283470154,12.853257179260254,0.39134153723716736,0.190859854221344,0.08628969639539719,16.631494522094727,0.5527586936950684,0.1790665090084076,0.6421759724617004
125,0.00020639298770767846,0.00012874336288836076,11.925456285476685,0.34329469964307335,0.3203580284358135,0.3318263640893357,2.3211229478142092,0.17731294461659022,32.28753270421709,0.8363930229097605,0.8676259395932513,0.10359419882297516,15.389577865600586,0.4725572168827057,0.1897973120212555,0.08218427002429962,16.864835739135742,0.4776984751224518,0.20085541903972626,0.14393869042396545,12.602128028869629,0.3823922872543335,0.18936285376548767,0.0858248621225357,16.621337890625,0.5557825565338135,0.1789568066596985,0.6413799524307251
126,0.0002036038932791963,0.0001270035877141937,11.90321135520935,0.34949879101311254,0.32235156073667376,0.3359251753427088,2.307801214712007,0.17785495606118015,32.36581256559917,0.8355388874188066,0.8686053516077143,0.10427924990653992,15.336235046386719,0.4718288779258728,0.18967832624912262,0.08322960138320923,16.70673370361328,0.4765724837779999,0.20031102001667023,0.14490605890750885,12.527009963989258,0.3800090253353119,0.18903446197509766,0.08586578816175461,16.69609832763672,0.5570833683013916,0.17947670817375183,0.6410752534866333
127,0.00020081479885071418,0.00012526381254002666,11.780722618103027,0.3423395796645699,0.323792622225093,0.3330661014520696,2.2998787382883683,0.1769995198784662,32.213318867342814,0.8363417744902628,0.8670679054089955,0.1033388152718544,15.375798225402832,0.4742417335510254,0.18612907826900482,0.08324725180864334,16.71942901611328,0.4787098169326782,0.19461876153945923,0.14250263571739197,12.680201530456543,0.38389503955841064,0.18621355295181274,0.08538462221622467,16.651554107666016,0.5583313703536987,0.17739640176296234,0.6440563201904297
128,0.00019802570442223203,0.00012352403736585964,11.87146544456482,0.3547361920354888,0.33400852855993435,0.34437235930402366,2.3373396936804056,0.1763734548419182,32.14497297150748,0.8354079185851983,0.8609750659005451,0.10254409164190292,15.47490406036377,0.4743576943874359,0.1875838339328766,0.08172227442264557,16.91196060180664,0.4805936813354492,0.19913607835769653,0.14261317253112793,12.664438247680664,0.3847401738166809,0.18663550913333893,0.08444569259881973,16.768169403076172,0.5559306144714355,0.1767440289258957,0.643386960029602
129,0.00019523660999374987,0.00012178426219169259,11.828603267669678,0.32957315553462,0.3117342878665243,0.3206537208253784,2.318522287532687,0.17661986942403018,32.16780036687851,0.8454582570120692,0.8727450635550278,0.10434211790561676,15.338748931884766,0.471727579832077,0.188551127910614,0.08416438847780228,16.6492919921875,0.47648224234580994,0.19720080494880676,0.14464090764522552,12.582475662231445,0.38157108426094055,0.18985646963119507,0.08536206185817719,16.707744598388672,0.5553385019302368,0.1784575879573822,0.6415882110595703
130,0.00019244751556526775,0.00012004448701752556,11.834983825683594,0.3441186178575403,0.3137516897570874,0.32893515351627556,2.320214332746608,0.17647837637923658,32.14557955094746,0.8405384326885853,0.871110816752272,0.10244031250476837,15.496047973632812,0.4748275578022003,0.18793822824954987,0.08243096619844437,16.852798461914062,0.47808530926704407,0.19898366928100586,0.14178797602653503,12.731399536132812,0.38767239451408386,0.18796563148498535,0.08422195911407471,16.82617950439453,0.5570191144943237,0.17665748298168182,0.6434446573257446
131,0.0001896584211367856,0.00011830471184335851,11.905906915664673,0.3370877172897703,0.3080626447751586,0.3225751815895949,2.310572135927422,0.17654991439277573,32.14802759460041,0.8430040394887328,0.876144528388977,0.10208199173212051,15.520910263061523,0.47370508313179016,0.18947558104991913,0.08120441436767578,16.941892623901367,0.4803770184516907,0.19780577719211578,0.142283096909523,12.700282096862793,0.3828338086605072,0.18944743275642395,0.08391088992357254,16.840524673461914,0.5560641288757324,0.18101586401462555,0.6421147584915161
132,0.00018686932670830344,0.00011656493666919147,12.03121566772461,0.33680436849993256,0.31501558447988437,0.3259099765481161,2.333345966679709,0.17653867585717567,32.16890219279698,0.8431065336668065,0.8721927208825946,0.10199081152677536,15.525688171386719,0.4760206639766693,0.18539732694625854,0.08154193311929703,16.93442153930664,0.48088037967681885,0.19255760312080383,0.14137496054172516,12.75789737701416,0.3886786699295044,0.1868824064731598,0.0841844454407692,16.805944442749023,0.5567632913589478,0.1766449362039566,0.6453116536140442
133,0.0001840802322798213,0.00011482516149502444,11.876549005508423,0.341852595805124,0.3185042081666844,0.3301784011335777,2.309045978422676,0.1762660535584603,32.09852819783347,0.8413584012804287,0.8718852347561291,0.10283380001783371,15.44668197631836,0.4730810821056366,0.18804480135440826,0.08233480155467987,16.86039924621582,0.47585177421569824,0.19693820178508759,0.141720712184906,12.75064468383789,0.385989785194397,0.1883489191532135,0.08556640148162842,16.651460647583008,0.5557061433792114,0.1786852777004242,0.642518162727356
134,0.00018129113785133919,0.00011308538632085742,11.76595664024353,0.34402928474758354,0.31989389478362035,0.3319615901980017,2.304741809410708,0.17606484294602914,32.06021866628102,0.8397867909765669,0.8700687703676522,0.10301623493432999,15.444873809814453,0.4715528190135956,0.18894648551940918,0.08244059979915619,16.82114601135254,0.47462841868400574,0.1982753872871399,0.14266836643218994,12.690942764282227,0.3830651044845581,0.19029094278812408,0.08507612347602844,16.74460792541504,0.5552372932434082,0.17812244594097137,0.6413031816482544
135,0.00017850204342285706,0.00011134561114669038,11.941454648971558,0.3413452330111925,0.32088960299734026,0.33111741876096595,2.3165269222642695,0.1756057057729257,31.994408352034434,0.8437841471417674,0.869561982740249,0.10372257977724075,15.408086776733398,0.4697711765766144,0.18745607137680054,0.08223216980695724,16.861906051635742,0.47492310404777527,0.1968034952878952,0.1453196108341217,12.557877540588379,0.38042372465133667,0.18781588971614838,0.08480628579854965,16.723268508911133,0.5521835684776306,0.17757920920848846,0.6411575675010681
136,0.0001757129489943749,0.00010960583597252333,11.941737413406372,0.3464341380001445,0.32504819132321117,0.3357411647614624,2.303649719006249,0.1757274308308427,32.00210324781282,0.8363702458861683,0.8678764864536268,0.1043679490685463,15.328791618347168,0.4703635573387146,0.18941296637058258,0.08409745246171951,16.674373626708984,0.4743080735206604,0.19920091331005096,0.14502273499965668,12.556041717529297,0.3817424476146698,0.19034554064273834,0.08513320982456207,16.678258895874023,0.5532936453819275,0.17852534353733063,0.6404752731323242
137,0.00017292385456589275,0.0001078660607983563,11.812461137771606,0.3372461191902403,0.31838903847217026,0.3278175778354385,2.314942508403744,0.17528500081971288,31.93862383706229,0.8429072362237743,0.8687306219445807,0.10329993814229965,15.474340438842773,0.46968650817871094,0.18799075484275818,0.08261622488498688,16.8602294921875,0.4755915403366089,0.19606265425682068,0.1438460648059845,12.633153915405273,0.3770924210548401,0.18838129937648773,0.084592804312706,16.84988021850586,0.5545170903205872,0.17938338220119476,0.6408478617668152
138,0.00017013476013741062,0.00010612628562418926,11.800077438354492,0.33139290486828293,0.30622724561752485,0.31881007505580783,2.3193669681038176,0.174965439231268,31.889041551521846,0.8471779175368803,0.8757516242829817,0.10358446091413498,15.366803169250488,0.47118887305259705,0.1870870739221573,0.08405235409736633,16.642087936401367,0.4749000668525696,0.19708719849586487,0.14371436834335327,12.604400634765625,0.38241955637931824,0.18637911975383759,0.08411237597465515,16.77773666381836,0.554502010345459,0.17759288847446442,0.6420509219169617
139,0.00016734566570892847,0.00010438651045002223,11.79982590675354,0.3407588955680175,0.3175917886962582,0.3291753424730684,2.300198075228504,0.1743579655553081,31.767207707677567,0.8403049668829355,0.8709741532802582,0.10219738632440567,15.47691535949707,0.4734588861465454,0.18924713134765625,0.08240298181772232,16.816137313842773,0.47729209065437317,0.19637040793895721,0.14144404232501984,12.73410701751709,0.38648027181625366,0.19206278026103973,0.08385910838842392,16.803483963012695,0.5548908114433289,0.17922694981098175,0.6421058773994446
140,0.00016455657128044637,0.00010264673527585521,11.73196268081665,0.32703474456710474,0.3153670805373362,0.321200911753944,2.3341481342379535,0.17438440530427865,31.805626230580465,0.8497175499796867,0.871139285686825,0.10274961590766907,15.523502349853516,0.4710997939109802,0.18810372054576874,0.08287888765335083,16.842742919921875,0.47430261969566345,0.19445791840553284,0.14268676936626434,12.725446701049805,0.38311612606048584,0.18960262835025787,0.08381163328886032,16.924631118774414,0.5541602373123169,0.18015897274017334,0.6414980292320251
141,0.00016176747685196422,0.00010090696010168816,11.827578783035278,0.3373825625749305,0.31882593602806863,0.32810424896888435,2.2822622459914004,0.1745483174787036,31.781441926956177,0.8409484161862305,0.8696986446157098,0.10336315631866455,15.36966609954834,0.4742605686187744,0.18797846138477325,0.08275790512561798,16.751026153564453,0.47941645979881287,0.19624565541744232,0.1424541175365448,12.679519653320312,0.3859653174877167,0.18891368806362152,0.08600376546382904,16.601633071899414,0.5556367635726929,0.17863769829273224,0.6431410312652588
142,0.00015897838242348206,9.916718492752113e-05,11.934579372406006,0.33256766923555653,0.30808706320489626,0.3203273679661964,2.3112404138914178,0.17484367060075914,31.860335750239237,0.8483110742111292,0.8759395337796637,0.10237158834934235,15.478619575500488,0.4743914306163788,0.18833623826503754,0.08204115927219391,16.84152603149414,0.4795182943344116,0.1947973072528839,0.14215651154518127,12.70451831817627,0.38664954900741577,0.18991971015930176,0.08405134081840515,16.8117618560791,0.5552542805671692,0.18019965291023254,0.6430276036262512
143,0.00015618928799499994,9.742740975335409e-05,11.881006240844727,0.33338351890311707,0.3059317522648988,0.3196576362741845,2.3185726292431355,0.1749326285706567,31.882701984473638,0.8462839239676084,0.8759110615189586,0.10399924963712692,15.352066040039062,0.47189706563949585,0.1888957917690277,0.08431191742420197,16.63507843017578,0.47637680172920227,0.1964111626148224,0.14356815814971924,12.64760684967041,0.38224634528160095,0.18986950814723969,0.08523577451705933,16.698284149169922,0.5552918910980225,0.18028323352336884,0.6415005922317505
144,0.00015340019356651778,9.568763457918704e-05,11.8852698802948,0.3281243156691614,0.3095174133278696,0.3188208633634661,2.338614544165986,0.17350328836723097,31.661181292363576,0.8486811980339033,0.8787069348618388,0.10268602520227432,15.459283828735352,0.47157201170921326,0.18781718611717224,0.08239607512950897,16.83097267150879,0.47464388608932495,0.194700226187706,0.1418694108724594,12.716756820678711,0.38542935252189636,0.18972064554691315,0.08491471409797668,16.75249481201172,0.5529595613479614,0.1789366900920868,0.6418774127960205
145,0.00015061109913803566,9.394785940502001e-05,11.762429475784302,0.3283804105927369,0.3120498488756961,0.32021512822913273,2.3420369353677546,0.17324028752877244,31.62015575170517,0.8488349433589194,0.8711962310065117,0.1020275354385376,15.507100105285645,0.4745795726776123,0.1879921555519104,0.08132780343294144,16.93752670288086,0.4809722304344177,0.19379109144210815,0.141320139169693,12.72453498840332,0.3880477547645569,0.1897442638874054,0.08456659317016602,16.779754638671875,0.5529657602310181,0.180364727973938,0.6432937383651733
146,0.0001478220047095535,9.220808423085297e-05,11.753137588500977,0.3311579069538441,0.3111264793468373,0.3211421922314912,2.3057836512369767,0.17333450467724884,31.59982532262802,0.8469273692795208,0.8732803225783365,0.10246123373508453,15.503835678100586,0.47290605306625366,0.18808791041374207,0.08194173872470856,16.8497371673584,0.47652220726013184,0.19458770751953125,0.14220893383026123,12.70994758605957,0.3843901455402374,0.18964393436908722,0.0843701884150505,16.873714447021484,0.5560676455497742,0.17993880808353424,0.642409086227417
147,0.00014503291028107135,9.046830905668594e-05,11.786121129989624,0.3261405678391124,0.30386179517621975,0.31500118212508305,2.3198254385164807,0.17355460876465909,31.651065494332993,0.8513916553929448,0.8792194165289402,0.1032773107290268,15.409566879272461,0.47189095616340637,0.18907268345355988,0.08273441344499588,16.77696990966797,0.47423771023750305,0.1995176523923874,0.14329615235328674,12.655156135559082,0.38523879647254944,0.18764996528625488,0.08494403958320618,16.718809127807617,0.5545171499252319,0.179826557636261,0.641409158706665
148,0.00014224381585258922,8.872853388251889e-05,11.763061761856079,0.31932432470577105,0.29785119286472245,0.30858775986624615,2.296754631612982,0.17371396514187967,31.65492618083954,0.854688622190484,0.8825163797342351,0.10414288192987442,15.339214324951172,0.4700296223163605,0.18944679200649261,0.08321057260036469,16.69700813293457,0.47566455602645874,0.19797740876674652,0.14487133920192719,12.5703125,0.3793594539165497,0.19123083353042603,0.08551014959812164,16.67245864868164,0.5532478094100952,0.17900484800338745,0.6402913928031921
149,0.00013945472142410707,8.698875870835186e-05,11.850024700164795,0.3302856774576607,0.305328869161063,0.31780727330728303,2.3294678202697208,0.1734664389264903,31.645807010786875,0.8487438317388296,0.87444764295859,0.10348448157310486,15.39990234375,0.4724489748477936,0.18686063587665558,0.08225607126951218,16.82604217529297,0.47829148173332214,0.1940714567899704,0.1444275975227356,12.567892074584961,0.38336119055747986,0.18757352232933044,0.08494280278682709,16.725427627563477,0.5539029836654663,0.1788143515586853,0.6427941918373108
150,0.00013666562699562491,8.524898353418482e-05,11.926380157470703,0.3173873952473514,0.29632032938700703,0.30685386184736024,2.3090371202145303,0.1731512337989573,31.572105441774642,0.8581962761735278,0.8845264505861061,0.10309068113565445,15.407134056091309,0.4724816381931305,0.18674348294734955,0.08226337283849716,16.836090087890625,0.47642695903778076,0.19505974650382996,0.1431112140417099,12.63733959197998,0.3837217092514038,0.18679571151733398,0.08504550904035568,16.668752670288086,0.5555471181869507,0.17821915447711945,0.6428690552711487
151,0.0001338765325671428,8.350920836001777e-05,11.931381464004517,0.3191908874016787,0.29263855383864473,0.30591472012123894,2.304099085607699,0.17224971717223525,31.414808435099467,0.8555541461599725,0.8865934613027743,0.10384827107191086,15.3258695602417,0.4720381200313568,0.18574711680412292,0.08350270241498947,16.634464263916016,0.4756024181842804,0.19377177953720093,0.14380857348442078,12.573823928833008,0.3854023814201355,0.18631020188331604,0.08537141233682632,16.692699432373047,0.5534075498580933,0.17701859772205353,0.6431455016136169
152,0.00013108743813866063,8.176943318585074e-05,11.839751482009888,0.32172015005822424,0.2971969628041344,0.3094585572835058,2.309730770864657,0.17320897330396942,31.582557354654586,0.8555313689368111,0.8849136581910508,0.10377667844295502,15.354630470275879,0.4678419232368469,0.18755686283111572,0.0828990787267685,16.76502227783203,0.47417980432510376,0.19701233506202698,0.14334751665592194,12.652470588684082,0.3791850507259369,0.18777810037136078,0.08622395247220993,16.568796157836914,0.5483686327934265,0.17770588397979736,0.640142560005188
153,0.00012829834371017848,8.00296580116837e-05,11.912179946899414,0.3292368059711797,0.3068902512396952,0.31806352857633363,2.3129356801509857,0.17316148300389095,31.577736181872233,0.8497232447511384,0.8755409349022167,0.10306781530380249,15.432615280151367,0.47326111793518066,0.18776054680347443,0.08291910588741302,16.76364517211914,0.47807973623275757,0.19665324687957764,0.142283096909523,12.722299575805664,0.38405922055244446,0.18806973099708557,0.08512131869792938,16.735647201538086,0.555870532989502,0.17839674651622772,0.6427502632141113
154,0.00012550924928169635,7.828988283751667e-05,11.91008472442627,0.31933850908119765,0.29936098175988135,0.30934974484677824,2.3087272053318366,0.17268861012001122,31.493610875947134,0.8541932255029678,0.8799596694963319,0.10348748415708542,15.39804744720459,0.47141799330711365,0.18705810606479645,0.08319572359323502,16.731943130493164,0.47680526971817017,0.19493520259857178,0.14344610273838043,12.646875381469727,0.3830406963825226,0.18681171536445618,0.08495736867189407,16.73824691772461,0.552638828754425,0.17927412688732147,0.6421799659729004
155,0.0001227201548532142,7.655010766334962e-05,11.840780973434448,0.30753427177634357,0.29474588772947236,0.3011400805387114,2.2963755380894457,0.1725737018111561,31.4618393267904,0.8639588497046914,0.8857165456616453,0.103508859872818,15.363100051879883,0.47031617164611816,0.18767116963863373,0.08344049006700516,16.663387298583984,0.4745437502861023,0.19938723742961884,0.14321938157081604,12.645350456237793,0.38137227296829224,0.1863367259502411,0.08499465137720108,16.70474624633789,0.5532747507095337,0.17704333364963531,0.6413224935531616
156,0.00011993106042473209,7.48103324891826e-05,11.882714986801147,0.3275784481582897,0.30469299886109574,0.3161357235762158,2.3034739582134143,0.1724484320729971,31.447766891547612,0.8505546021541315,0.8776933597400784,0.10317754745483398,15.414438247680664,0.4718817472457886,0.18730980157852173,0.08210277557373047,16.85242462158203,0.47759896516799927,0.19873888790607452,0.14311300218105316,12.660721778869629,0.3843204379081726,0.1861925721168518,0.08546799421310425,16.651079177856445,0.5519657135009766,0.1767612099647522,0.642285943031311
157,0.00011714196599624995,7.307055731501557e-05,11.843458652496338,0.31491233015965137,0.2946442747156003,0.3047783018888107,2.2750166622655734,0.17310179510552967,31.529729868684495,0.85680118615606,0.8858475136969771,0.10310574620962143,15.38076400756836,0.4688712954521179,0.1878928393125534,0.08350986242294312,16.658769607543945,0.47142013907432556,0.199752077460289,0.14222104847431183,12.691023826599121,0.3830259442329407,0.18678508698940277,0.08469410985708237,16.717632293701172,0.5504997968673706,0.17689672112464905,0.6404892206192017
158,0.0001143528715677678,7.133078214084853e-05,11.868114709854126,0.3066993763953048,0.2940494494313108,0.300374413474596,2.314271098801068,0.17256010892534895,31.47743763242449,0.8638962118753365,0.8857791838901383,0.10402132570743561,15.364936828613281,0.4671659767627716,0.18905262649059296,0.08288375288248062,16.78251075744629,0.47369644045829773,0.19908800721168518,0.14522399008274078,12.55668830871582,0.37550026178359985,0.1902548372745514,0.08513246476650238,16.675878524780273,0.5504485368728638,0.1776483952999115,0.6390566825866699
159,0.00011156377713928567,6.959100696668148e-05,11.850913047790527,0.3176854504604957,0.2947665268522022,0.3062259883819414,2.295976101819958,0.17212444291050946,31.38551391022546,0.8584468214373503,0.8847371358424425,0.10221162438392639,15.534756660461426,0.4734485447406769,0.18850703537464142,0.08162283152341843,16.940399169921875,0.47690504789352417,0.20174729824066162,0.14212951064109802,12.71554946899414,0.38527756929397583,0.18619276583194733,0.08402415364980698,16.868606567382812,0.5564343333244324,0.1772875189781189,0.6424707770347595
160,0.00010877468271080351,6.785123179251445e-05,11.977385520935059,0.3228862881411,0.3035253992004852,0.3132058431261352,2.279731349753482,0.1718957865876811,31.330625465938024,0.8523767610479679,0.8788777600441661,0.10341339558362961,15.366484642028809,0.47010576725006104,0.1871512085199356,0.08328460901975632,16.697402954101562,0.47415128350257874,0.19975636899471283,0.14274665713310242,12.664134979248047,0.3820686340332031,0.18513020873069763,0.08533087372779846,16.66181755065918,0.552359938621521,0.17629103362560272,0.6414772868156433
161,0.00010598558828232137,6.611145661834741e-05,11.67724084854126,0.318103892786894,0.29991292333163855,0.3090084087369697,2.2766103888196603,0.17210816013227617,31.363396457263402,0.8572738068178296,0.88428159670106,0.1030772477388382,15.421829223632812,0.4726761281490326,0.1868923306465149,0.08292035758495331,16.770469665527344,0.4778434634208679,0.1985933631658554,0.14258621633052826,12.680848121643066,0.3845751881599426,0.1859734058380127,0.08485092967748642,16.73700523376465,0.5538498759269714,0.1758721023797989,0.6428918838500977
162,0.00010319649385383923,6.437168144418038e-05,11.941874265670776,0.3119956617551257,0.2929941064877702,0.3024948850340609,2.2670820323484286,0.17176298494450748,31.2955322606223,0.858674591673272,0.8886604665645531,0.10285330563783646,15.414188385009766,0.47331055998802185,0.18745501339435577,0.08216096460819244,16.806217193603516,0.4788590967655182,0.19928182661533356,0.1423357129096985,12.668109893798828,0.3854422867298126,0.18601872026920319,0.08519860357046127,16.69015884399414,0.5538675785064697,0.1768142580986023,0.6429277658462524
163,0.00010040739942535709,6.263190627001333e-05,11.989840984344482,0.3069114476841475,0.28526619770231526,0.29608882198642406,2.289105993828603,0.17126328661106527,31.233105736119406,0.8618178132123181,0.8910577439570001,0.10352572798728943,15.365194320678711,0.47212305665016174,0.18791453540325165,0.08324800431728363,16.723709106445312,0.4771980047225952,0.1984206587076187,0.1427302211523056,12.65591049194336,0.38522830605506897,0.18796215951442719,0.08572124689817429,16.639202117919922,0.5522075295448303,0.1771634817123413,0.6421042680740356
164,9.761830499687494e-05,6.0892131095846295e-05,11.847994565963745,0.30999758363967495,0.29115793868965867,0.30057776087362853,2.293390287884644,0.17157270622971868,31.289682984352112,0.8632072066622121,0.8851528154420001,0.10385474562644958,15.330314636230469,0.47211918234825134,0.186617910861969,0.08368758857250214,16.681875228881836,0.47573959827423096,0.19808687269687653,0.14296746253967285,12.635202407836914,0.384659081697464,0.18480859696865082,0.08602769672870636,16.597509384155273,0.5542402267456055,0.17670772969722748,0.64275062084198
165,9.48292105683928e-05,5.9152355921679254e-05,11.810604095458984,0.31401620901721927,0.2952930121349969,0.30465460994413923,2.2833638978855952,0.17185102672582225,31.326693449701583,0.857296582577484,0.8830516419506499,0.10367364436388016,15.362129211425781,0.4702189564704895,0.1866767257452011,0.08317116647958755,16.731794357299805,0.47276216745376587,0.19719746708869934,0.1439943015575409,12.589421272277832,0.38332751393318176,0.18535175919532776,0.08500306308269501,16.68701171875,0.5528796911239624,0.1772574484348297,0.6417710781097412
166,9.204011613991066e-05,5.741258074751222e-05,11.797960758209229,0.31575245321229367,0.29436629480083604,0.30505937427681473,2.2760681533919915,0.17165038571693003,31.285488907779968,0.8606846598642213,0.8838032823322075,0.10297543555498123,15.410319328308105,0.47350436449050903,0.18671920895576477,0.08225172013044357,16.80576515197754,0.4777565002441406,0.19821126759052277,0.14278286695480347,12.651732444763184,0.3865884244441986,0.18497490882873535,0.0850338488817215,16.695085525512695,0.5544480681419373,0.17672166228294373,0.6433925628662109
167,8.925102171142852e-05,5.567280557334518e-05,11.900550603866577,0.3065424137748778,0.2862635395057233,0.29640297608317007,2.2789599592132226,0.17097590371434176,31.174391278198787,0.8641125923022628,0.8898334831797651,0.1031578853726387,15.399791717529297,0.4703039824962616,0.1875627487897873,0.08319015055894852,16.730112075805664,0.4729512631893158,0.19796650111675262,0.1424267292022705,12.695038795471191,0.3843681216239929,0.1865522563457489,0.08497443050146103,16.698097229003906,0.5519213080406189,0.17795415222644806,0.6413705945014954
168,8.64619272829464e-05,5.393303039917816e-05,11.792933702468872,0.3026257211084677,0.29055879476280616,0.29659225741800455,2.296506584755012,0.17112452224163072,31.217054997171676,0.8664984800187605,0.8874362084482398,0.10354862362146378,15.364965438842773,0.469808429479599,0.18699662387371063,0.08331150561571121,16.710365295410156,0.4719565808773041,0.19872595369815826,0.14320284128189087,12.642864227294922,0.3829452395439148,0.18571963906288147,0.08526156097650528,16.6649227142334,0.5528440475463867,0.1762988567352295,0.6414058804512024
169,8.367283285446425e-05,5.219325522501112e-05,11.824783563613892,0.3039165921426112,0.2836836760564308,0.29380013507657815,2.261979836438383,0.17080392671882041,31.12834645169122,0.8652058874389955,0.8933354416596038,0.1036958247423172,15.354482650756836,0.46966174244880676,0.18673038482666016,0.08372198045253754,16.65065574645996,0.47081950306892395,0.19798819720745087,0.1435098499059677,12.62591552734375,0.3836432099342346,0.1848697066307068,0.08498375117778778,16.710935592651367,0.5528777241706848,0.1770857274532318,0.6414656639099121
170,8.088373842598211e-05,5.045348005084408e-05,11.998341798782349,0.30106889498087447,0.2858470740195896,0.29345798482453184,2.2779179215431213,0.17081287619657815,31.145797082356044,0.8658037829611983,0.8907673372221845,0.10415177047252655,15.324019432067871,0.46906778216362,0.18719647824764252,0.08359163999557495,16.672582626342773,0.47170159220695496,0.1981205940246582,0.14433759450912476,12.595023155212402,0.3819732666015625,0.1855073869228363,0.08567222207784653,16.627517700195312,0.5518355965614319,0.1777234673500061,0.6409356594085693
171,7.809464399749997e-05,4.8713704876677046e-05,11.907496213912964,0.30413044496006997,0.28330388898029923,0.29371716597649666,2.2758100820439204,0.17100468963118537,31.176106278385436,0.8651261686214379,0.8931190616318158,0.10328058898448944,15.42792797088623,0.4695950746536255,0.18613173067569733,0.08247002959251404,16.825788497924805,0.4747876524925232,0.19604890048503876,0.14336203038692474,12.65845775604248,0.38033682107925415,0.18572719395160675,0.08515864610671997,16.720905303955078,0.5518787503242493,0.17642435431480408,0.6417316794395447
172,7.530554956901783e-05,4.6973929702510004e-05,12.164572477340698,0.30621494587311254,0.2844286619552544,0.2953218042384833,2.2646179837839946,0.17044530150347523,31.07037592785699,0.8664016771529403,0.8934436328709126,0.10385338217020035,15.34960651397705,0.4702979624271393,0.18475274741649628,0.08351673185825348,16.666282653808594,0.4737384021282196,0.19454210996627808,0.14319539070129395,12.656373977661133,0.3830070197582245,0.1841285526752472,0.0859740599989891,16.650497436523438,0.5524365901947021,0.17539112269878387,0.6427726149559021
173,7.251645514053567e-05,4.523415452834297e-05,11.859500885009766,0.3023333165827872,0.28287423939244555,0.29260377758847816,2.271983896515199,0.17015178331972233,31.02813642365592,0.8678650981081384,0.8945198455559356,0.10321687906980515,15.417901039123535,0.47246667742729187,0.18570564687252045,0.08269926905632019,16.769563674926758,0.47536328434944153,0.19777213037014008,0.1433798223733902,12.649445533752441,0.3852885067462921,0.184001624584198,0.08471648395061493,16.756954193115234,0.5550486445426941,0.17508335411548615,0.6433805227279663
174,6.972736071205353e-05,4.349437935417593e-05,12.020409107208252,0.29506883174014675,0.28091152188634233,0.2879901757530336,2.2434671334922314,0.17042519528019642,31.04582703113556,0.8702054332409587,0.8947817784334932,0.10363728553056717,15.38499927520752,0.4699024260044098,0.18579302728176117,0.08339371532201767,16.726377487182617,0.472295880317688,0.19700327515602112,0.14381913840770721,12.613301277160645,0.38194540143013,0.18444067239761353,0.08483904600143433,16.737714767456055,0.5537612438201904,0.17569813132286072,0.6420546770095825
175,6.69382662835714e-05,4.1754604180008887e-05,11.943577527999878,0.3028420938561404,0.2863542307085091,0.2945981611763792,2.233126787202699,0.17075682740791567,31.09153355870928,0.8654450444238526,0.8929083722510508,0.10386653244495392,15.356614112854004,0.4686744213104248,0.18563182651996613,0.08310648798942566,16.74215316772461,0.4733688533306122,0.19555968046188354,0.14401184022426605,12.607758522033691,0.37997958064079285,0.1844794750213623,0.08563044667243958,16.641916275024414,0.550912618637085,0.17664724588394165,0.6415213346481323
176,6.414917185508924e-05,4.001482900584185e-05,11.940448522567749,0.3057686256776963,0.28241601014243706,0.29409231817615883,2.247506609452622,0.17061291721516422,31.081591980797903,0.8605707741475531,0.8952031534697328,0.10421568155288696,15.339152336120605,0.46744614839553833,0.18843954801559448,0.08392030745744705,16.624849319458008,0.4705001711845398,0.2006760686635971,0.14489474892616272,12.565190315246582,0.37746530771255493,0.1875281184911728,0.08498244732618332,16.750818252563477,0.552617609500885,0.17686636745929718,0.6395033001899719
177,6.13600774266071e-05,3.827505383167481e-05,11.803405284881592,0.30406307645275127,0.28379728423897177,0.29393018076994587,2.2237910761364867,0.17057016298973135,31.050650979791367,0.8625580637848803,0.8929026834666729,0.10345576703548431,15.405326843261719,0.4711011052131653,0.1872231811285019,0.08312253654003143,16.72381591796875,0.47350579500198364,0.19906556606292725,0.1433892399072647,12.646153450012207,0.3836047053337097,0.18637289106845856,0.08499262481927872,16.76907730102539,0.5544964671134949,0.17599156498908997,0.6419389247894287
178,5.857098299812496e-05,3.6535278657507776e-05,11.970283269882202,0.2967563309939578,0.2793648082130988,0.2880605699361435,2.258135882339307,0.16918612720577844,30.8510896052633,0.8721870275746498,0.8957668835563319,0.10353400558233261,15.381461143493652,0.4719560146331787,0.18622688949108124,0.08315927535295486,16.724607467651367,0.4746423363685608,0.19852301478385925,0.14343462884426117,12.628414154052734,0.38401439785957336,0.1850988268852234,0.08514537662267685,16.714075088500977,0.5555013418197632,0.17480553686618805,0.6428645849227905
179,5.578188856964281e-05,3.4795503483340734e-05,11.739314556121826,0.286861988507943,0.27251949653561625,0.27969074312464465,2.2394721438842162,0.1701338747183659,30.992597920554026,0.8757800950801798,0.9037729879575116,0.10354331135749817,15.388016700744629,0.47110071778297424,0.18671275675296783,0.08288286626338959,16.752273559570312,0.47526758909225464,0.19781020283699036,0.14358609914779663,12.619832992553711,0.3817744255065918,0.18583518266677856,0.08530630171298981,16.713973999023438,0.5544960498809814,0.17626693844795227,0.6421939730644226
180,5.299279414116067e-05,3.305572830917369e-05,11.795652627944946,0.291066606287911,0.2710354972098555,0.28105105120422585,2.244512780968632,0.16952145798131824,30.89413844687598,0.8727165943543825,0.9009144785148757,0.10309020429849625,15.419971466064453,0.47101837396621704,0.18652521073818207,0.08239538222551346,16.78103256225586,0.47479191422462463,0.19800984859466553,0.14340002834796906,12.642562866210938,0.38190585374832153,0.18601611256599426,0.0846261978149414,16.75823211669922,0.5546048283576965,0.17532333731651306,0.6422466039657593
181,5.020369971267856e-05,3.131595313500668e-05,11.92339301109314,0.28573980124201626,0.2799000875093043,0.2828199441012527,2.2631072444575175,0.16958408426892543,30.92331681932722,0.8781375117333872,0.8966779639678342,0.1037101298570633,15.36181354522705,0.47084566950798035,0.18709523975849152,0.08294864743947983,16.722230911254883,0.4743640422821045,0.19820080697536469,0.1438445746898651,12.602042198181152,0.3821604549884796,0.18632450699806213,0.08548610657453537,16.68342399597168,0.5542727708816528,0.17653627693653107,0.6418752074241638
182,4.741460528419641e-05,2.9576177960839637e-05,11.747564554214478,0.28490254717014196,0.2715688427644117,0.27823569495896144,2.2510661583925997,0.1696886968067182,30.928955699716294,0.8758313434996775,0.9011251660329955,0.10358057171106339,15.395303726196289,0.4711384177207947,0.18732240796089172,0.08274856209754944,16.785425186157227,0.4748171269893646,0.198833167552948,0.14423620700836182,12.596630096435547,0.38129717111587524,0.18720699846744537,0.0849171057343483,16.724824905395508,0.5555365085601807,0.17570769786834717,0.6419080495834351
183,4.462551085571427e-05,2.78364027866726e-05,11.821445226669312,0.2863918394349249,0.2680704191027741,0.2772311289528651,2.2257784732750485,0.17018874042800494,30.988176907811845,0.8769075556525162,0.9061360973864794,0.1035575270652771,15.407702445983887,0.47017812728881836,0.18709801137447357,0.0830257311463356,16.75291633605957,0.4745056927204132,0.19781415164470673,0.14408037066459656,12.604445457458496,0.3805520832538605,0.18685483932495117,0.08471845090389252,16.78746795654297,0.5537039637565613,0.176418274641037,0.6415400505065918
184,4.1836416427232124e-05,2.609662761250556e-05,11.68020224571228,0.28520197006374864,0.2693284551746079,0.27726521209946703,2.2620421813002656,0.16953836181866272,30.914524614810944,0.8788094306364655,0.9044904631695577,0.10333892703056335,15.397146224975586,0.47204744815826416,0.18677571415901184,0.08242177218198776,16.793746948242188,0.47627949714660645,0.1980719417333603,0.14391840994358063,12.610283851623535,0.3824290633201599,0.1865801215171814,0.0848369225859642,16.70847511291504,0.5556631088256836,0.17545826733112335,0.6426358819007874
185,3.9047321998749984e-05,2.4356852438338523e-05,11.781212329864502,0.28611320917428074,0.27078286255709827,0.2784480356411742,2.2334008222179755,0.17023945446791394,31.004370076315745,0.8774257315588849,0.9038242381066084,0.10346884280443192,15.38629150390625,0.4708402752876282,0.18699190020561218,0.08298981934785843,16.72932243347168,0.47431284189224243,0.1977381557226181,0.1439548283815384,12.600825309753418,0.380961537361145,0.18672163784503937,0.08461218327283859,16.750829696655273,0.5554848909378052,0.17630808055400848,0.6419241428375244
186,3.625822757026784e-05,2.2617077264171485e-05,11.766447305679321,0.29185801341165124,0.2730529125048114,0.28245546243020464,2.2099486397845403,0.1697576625738293,30.899493413312094,0.8724546554897513,0.9019906872085163,0.1035214439034462,15.385674476623535,0.47107553482055664,0.18693533539772034,0.0829305499792099,16.749345779418945,0.4741102457046509,0.1994718462228775,0.14353959262371063,12.635214805603027,0.38289135694503784,0.18498674035072327,0.08523775637149811,16.694839477539062,0.5545039772987366,0.1760740876197815,0.6420701146125793
187,3.34691331417857e-05,2.0877302090004443e-05,11.833109140396118,0.2897607330731781,0.2699015122738534,0.27983112280656186,2.2222353065652505,0.16912641349647725,30.805097324507578,0.8771353241588388,0.903454107365438,0.10315901041030884,15.417950630187988,0.4713881313800812,0.18696381151676178,0.08221208304166794,16.823789596557617,0.4747465252876282,0.199911966919899,0.14355090260505676,12.625638961791992,0.38316643238067627,0.18544024229049683,0.08487141132354736,16.725204467773438,0.5545235276222229,0.17526616156101227,0.6422121524810791
188,3.068003871330355e-05,1.9137526915837405e-05,11.891252279281616,0.27960469951254446,0.2646229833896671,0.2721138409937599,2.225335046648979,0.16939539588721736,30.85365573848997,0.8806600589305162,0.9069503729364702,0.10355902463197708,15.382545471191406,0.4699586033821106,0.18743515014648438,0.08260461688041687,16.771879196166992,0.4730510711669922,0.1991821676492691,0.14398536086082458,12.599345207214355,0.3813892602920532,0.18643473088741302,0.08524522185325623,16.697683334350586,0.5537061095237732,0.1764480322599411,0.6412616968154907
189,2.7890944284821406e-05,1.7397751741670367e-05,11.947797298431396,0.27874320620737436,0.26018713728990406,0.26946517093373196,2.217563702591828,0.16931585212504224,30.832441219261714,0.8814971151628664,0.91106731045459,0.10366465896368027,15.37015438079834,0.4704829752445221,0.18696382641792297,0.08317481726408005,16.713905334472656,0.47274717688560486,0.19893614947795868,0.1439790427684784,12.606983184814453,0.38181352615356445,0.185792475938797,0.08498737961053848,16.712081909179688,0.5551723837852478,0.17591482400894165,0.6417595744132996
190,2.5101849856339262e-05,1.565797656750333e-05,11.900065422058105,0.2774292302617271,0.2640861011376338,0.27075766612376484,2.2095471998410567,0.16951155226810702,30.857498628752573,0.8827384573274425,0.9087497538753918,0.10304370522499084,15.429366111755371,0.47139716148376465,0.1870875507593155,0.08215650171041489,16.824607849121094,0.47502610087394714,0.1988295465707779,0.14340271055698395,12.640878677368164,0.38235923647880554,0.18570995330810547,0.08472751080989838,16.743677139282227,0.5550576448440552,0.1764756292104721,0.6421548128128052
191,2.231275542785712e-05,1.391820139333629e-05,11.763521432876587,0.27614302409347147,0.26057953464000355,0.2683612786100379,2.217184423868145,0.16916691019598926,30.806890470641,0.8853464203753642,0.9110502286681107,0.10355017334222794,15.370922088623047,0.4697877764701843,0.18715471029281616,0.08300576359033585,16.72610092163086,0.47293946146965027,0.1989605575799942,0.14327460527420044,12.641999244689941,0.3827260732650757,0.18521901965141296,0.0855073556303978,16.667606353759766,0.5519956350326538,0.17702527344226837,0.6413165330886841
192,1.9523660999374975e-05,1.2178426219169251e-05,11.55583643913269,0.27408187510445714,0.2602275564568117,0.2671547155561192,2.2344083855194703,0.1690281393072967,30.800661666052683,0.8867870630430323,0.9102701182876315,0.10326318442821503,15.406403541564941,0.470661461353302,0.1866799294948578,0.0827094167470932,16.768823623657227,0.47348684072494507,0.19813993573188782,0.1432073414325714,12.652721405029297,0.38319963216781616,0.18538615107536316,0.08501428365707397,16.720006942749023,0.5535942912101746,0.17627306282520294,0.6419907808303833
193,1.6734566570892862e-05,1.0438651045002232e-05,11.818793058395386,0.2678042374817388,0.2527923224094723,0.26029827994560556,2.2338009966271266,0.16837596627218382,30.689835173743113,0.8916499465703964,0.9146546819912535,0.10358910262584686,15.368717193603516,0.4706408977508545,0.1864926517009735,0.08313386887311935,16.715375900268555,0.47274842858314514,0.19825555384159088,0.14339616894721985,12.637166976928711,0.38350608944892883,0.18468526005744934,0.08537430316209793,16.676664352416992,0.5539844632148743,0.17628109455108643,0.6420741081237793
194,1.394547214241072e-05,8.698875870835194e-06,11.949423551559448,0.2649191562834728,0.25058039074896704,0.2577497730630317,2.22251989373139,0.16912322591191956,30.80484312772751,0.892743239844484,0.9171259844941753,0.10334883630275726,15.392339706420898,0.47037655115127563,0.1865486353635788,0.08286122977733612,16.736549377441406,0.47264501452445984,0.1987621933221817,0.1433902382850647,12.636195182800293,0.3826341927051544,0.18492484092712402,0.08493711054325104,16.726913452148438,0.5541521310806274,0.17569778859615326,0.6419139504432678
195,1.1156377713928575e-05,6.959100696668155e-06,11.884407758712769,0.26820560128960225,0.25443022485290256,0.2613179133207138,2.179865924375398,0.16890872293151915,30.72593767302377,0.8899359790874379,0.9176156882728849,0.10382413864135742,15.35367202758789,0.46907028555870056,0.1861586719751358,0.08333760499954224,16.69369125366211,0.4706762433052063,0.19817481935024261,0.1439831554889679,12.602399826049805,0.38139575719833374,0.1845480352640152,0.0852959081530571,16.687728881835938,0.5534544587135315,0.17549608647823334,0.6414558291435242
196,8.367283285446431e-06,5.219325522501116e-06,11.879793167114258,0.26687186736879603,0.25297417029339286,0.25992301884772523,2.2168898454734256,0.16923188833918953,30.817577413150243,0.8913196798946176,0.9165565581726176,0.10353831201791763,15.377358436584473,0.4701111912727356,0.18627513945102692,0.08308396488428116,16.724685668945312,0.4719814658164978,0.19847582280635834,0.1435593217611313,12.62415599822998,0.38268864154815674,0.18441453576087952,0.08511266857385635,16.705869674682617,0.5539787411689758,0.17566977441310883,0.6419180631637573
197,5.578188856964287e-06,3.4795503483340774e-06,11.685459613800049,0.26768947676256566,0.2497899257910571,0.25873970123939216,2.1917056143283844,0.16852918157487043,30.673633694648743,0.8899132021303687,0.9221255273691246,0.1036192923784256,15.368446350097656,0.4698110520839691,0.18611755967140198,0.08305665105581284,16.7255802154541,0.471710205078125,0.19844330847263336,0.14367201924324036,12.621712684631348,0.38236624002456665,0.18403148651123047,0.08527291566133499,16.680622100830078,0.5536710023880005,0.17560595273971558,0.641846776008606
198,2.7890944284821437e-06,1.7397751741670387e-06,11.706120729446411,0.26633845697090563,0.24934536767458276,0.2578419118321368,2.196398810084377,0.16859644701305246,30.689694898469106,0.8922763135550278,0.9195118703480277,0.10365130752325058,15.368485450744629,0.469654381275177,0.1861688643693924,0.08325118571519852,16.707143783569336,0.47125372290611267,0.19853630661964417,0.14374087750911713,12.615706443786621,0.38216036558151245,0.18405412137508392,0.08510316163301468,16.705402374267578,0.5538681149482727,0.17564289271831512,0.6417427659034729
199,0.0,0.0,11.813532590866089,0.2623384587599763,0.24374854930543474,0.2530435042987977,2.175004832446575,0.16885231365449727,30.71154295546668,0.8924585285463503,0.9278710197125163,0.10362331569194794,15.369998931884766,0.46939510107040405,0.18623954057693481,0.0832151249051094,16.71129608154297,0.4710777997970581,0.19861967861652374,0.14364784955978394,12.620766639709473,0.3819577991962433,0.18412667512893677,0.08514720946550369,16.700756072998047,0.5534682273864746,0.17569878697395325,0.6415777802467346
